平成２６年,社会医療診療行為別調査,平成２６年６月審査分,,,,,,,,,,,,,,,,,,,,,,,,,,,,,,,,,,,,,,,,,,,,,,,,
第１５表　医科診療(入院外-１総数)　件数・診療実日数・実施件数・回数・点数，一般医療－後期医療、傷病(中分類)、診療行為(大分類)別,,,,,,,,,,,,,,,,,,,,,,,,,,,,,,,,,,,,,,,,,,,,,,,,,,
注：１）「件数」は、明細書の数である。,,,,,,,,,,,,,,,,,,,,,,,,,,,,,,,,,,,,,,,,,,,,,,,,,,
注：２）「実施件数」は、当該診療行為が実施された明細書の数である。,,,,,,,,,,,,,,,,,,,,,,,,,,,,,,,,,,,,,,,,,,,,,,,,,,
注：３）「回数」は、当該診療行為が実施された延べ算定回数である。,,,,,,,,,,,,,,,,,,,,,,,,,,,,,,,,,,,,,,,,,,,,,,,,,,
注：４）総数には、「療養担当手当等」、「補正点数」を含む。,,,,,,,,,,,,,,,,,,,,,,,,,,,,,,,,,,,,,,,,,,,,,,,,,,
注：５）総数には、「ⅩⅩ　傷病及び死亡の外因」、「ⅩⅩⅠ　健康状態に影響を及ぼす要因及び保健サービスの利用」、「ⅩⅩⅡ　特殊目的用コード」、「不詳」を含む。,,,,,,,,,,,,,,,,,,,,,,,,,,,,,,,,,,,,,,,,,,,,,,,,,,
,件数,診療実日数,総数,,,初   ・  再 診,,,医 学 管 理 等,,,在　宅　医　療,,,検　　　　　査,,,画　像　診　断,,,投　　　　　薬,,,注　　　　　射,,,リハビリテーション,,,精神科専門療法,,,処　　　　　置,,,手　　　　　術,,,麻　　　　　酔,,,放 射 線 治 療,,,病  理  診  断,,,入  院  料  等,,
,,,実施件数,回数,点数,実施件数,回数,点数,実施件数,回数,点数,実施件数,回数,点数,実施件数,回数,点数,実施件数,回数,点数,実施件数,回数,点数,実施件数,回数,点数,実施件数,回数,点数,実施件数,回数,点数,実施件数,回数,点数,実施件数,回数,点数,実施件数,回数,点数,実施件数,回数,点数,実施件数,回数,点数,実施件数,回数,点数
総数,79047408,128716012,79047408,1399410744,104744730147,76261766,123966842,16665195612,37547164,53494713,9358257320,2116198,3593861,6654533014,30024741,175330821,18657564024,8730839,22570844,7982041103,64290652,947216719,18387578878,5762209,14008874,8762085583,1373340,7942356,1378560208,2956586,4880498,2014264170,12278951,41370112,10468142114,759925,780117,2700210335,976616,1875659,442935206,23390,227218,449146558,989967,2141213,771865706,5471,7432,21225792
Ⅰ　感染症及び寄生虫症,3085609,4884679,3085609,34705987,3449725855,2898709,4582329,839754546,1158808,1682062,307713928,36926,70243,149545669,1088650,6181386,719953701,159967,407221,160034820,2414548,19722358,637303321,282939,634182,295858270,6195,39611,7222499,9104,15462,6468551,672602,1270059,259417923,11915,12447,28491231,10088,23182,8233326,238,2100,3797818,29360,63198,25098362,28,33,94248
　　腸管感染症,1036357,1456916,1036357,9705369,921010789,930311,1276699,328564657,485809,729330,155698799,5722,11328,19980327,260050,1515833,159389147,53623,131697,42293695,888701,5690522,127418471,175201,221385,47223965,1118,6872,1224982,4093,6547,2408156,52816,100200,24118130,1397,1582,4889412,1241,2648,515714,70,754,1583230,4151,9934,5595718,4,5,14280
　　結　　　核,25792,42357,25792,576855,62888837,24682,41032,4802964,10001,14629,2518496,1132,2110,5880191,16481,150505,18813255,15472,39269,11206520,16231,318098,6548854,1721,4536,8457520,94,575,105957,90,259,161355,1120,2739,3077752,86,112,339641,60,95,23125,5,59,47760,1230,2837,834048,-,-,-
　　主として性的伝播様式をとる感染症,56975,90669,56975,615597,67221616,54504,87355,14696112,15854,19425,1094880,190,313,903931,37456,200169,25421429,1811,4946,2681079,38586,267387,11583213,3253,4470,2665909,37,218,40591,229,380,178471,13229,19845,4067482,1101,1150,1689398,106,116,31645,2,18,26990,4734,9799,2133740,2,2,5712
　　皮膚及び粘膜の病変を伴うウイルス疾患,749851,1275909,749851,5671296,600183602,722623,1234491,198026854,177312,248884,44253121,3142,5539,11010745,77467,423281,41793117,9327,23595,9749482,452047,2910361,104504934,16709,47627,28005522,1134,6947,1284573,1076,1670,613955,408766,746404,146048494,3173,2903,5802560,5112,13085,6285255,37,289,421920,3019,6205,2277450,1,1,2856
　　ウイルス肝炎,229025,532734,229025,6504932,689635240,223568,531430,55849499,127477,201478,36850271,6677,11512,36835043,155442,1589420,200418667,28757,75718,50070312,163252,3763631,127822476,53006,284367,147304332,827,5439,952802,1136,1662,657605,6904,29885,23274851,1138,1353,4734658,1017,2034,420860,61,437,792742,2930,6523,3550843,8,10,28560
　　その他のウイルス疾患,82029,145939,82029,1141617,194661941,73565,126526,25900542,35949,58802,15457241,734,1427,8846615,62927,362258,40465941,4636,11873,3796804,62726,557574,92368302,3414,5070,4454263,403,2446,536484,182,228,73940,7295,14391,1489069,283,377,932488,56,72,35952,7,26,34394,239,544,259244,1,1,2856
　　真　菌　症,641065,914923,641065,7006576,553718174,617137,876515,137867596,207334,262804,26188211,15343,31204,46195800,288557,1028732,109286426,14262,37096,12873740,589567,4382678,120401275,15477,41459,38439072,1987,13424,2352616,1856,3970,2049754,162356,307723,48592685,2471,2502,4621233,2178,4685,791723,25,302,541042,6489,13470,3295139,2,2,5712
　　感染症及び寄生虫症の続発・後遺症,7985,12540,7985,165787,19642530,7350,11128,1278497,3568,5066,884707,1046,2162,7780169,3145,24200,2676919,2895,7229,2411480,5535,112467,1845385,477,1171,1970862,183,1219,245413,57,99,45520,250,730,271554,22,27,110925,28,50,13365,3,20,28780,97,218,73030,1,1,2856
　　その他の感染症及び寄生虫症,256530,412692,256530,3317958,340763126,244969,397153,72767825,95504,141644,24768202,2940,4648,12112848,187125,886988,121688800,29184,75798,24951708,197903,1719640,44810411,13681,24097,17336825,412,2471,479081,385,647,279795,19866,48142,8477906,2244,2441,5370916,290,397,115687,28,195,320960,6471,13668,7079150,9,11,31416
Ⅱ　新生物,2732238,4319108,2732238,49560523,9235477034,2657002,4236634,465468901,1303556,1815477,434118773,62296,144116,280819286,1831019,11713385,1680965474,786920,2061347,1746439394,1423913,27592165,1014169258,296659,636433,2557382427,9679,57732,11779570,8846,11896,4099421,182886,333558,195369360,60371,74165,228432405,9168,12209,4307412,16770,175353,353166951,317561,695732,257068325,132,138,394128
　　胃の悪性新生物,226201,370074,226201,4868619,619142227,214807,364381,37866206,129839,187120,43569309,5530,15897,27980944,160952,1073951,201535356,49891,137135,108218752,136768,2933286,63168934,22045,52605,63136570,598,3672,747910,657,885,295405,6605,16579,13022334,1923,2631,9454016,797,1296,287970,200,1269,2699262,37291,77888,47059034,10,10,28560
　　結腸の悪性新生物,227492,371496,227492,4725026,826161044,221740,371051,41023651,130616,188868,44052512,6593,15854,27498556,166013,1091973,183876061,55840,149548,122288535,125413,2791208,71798776,20175,48946,267265872,606,3901,719879,667,904,323666,9534,19008,17642967,4524,4842,23371889,769,1277,281735,191,1259,3197320,15552,36323,22522769,54,56,159936
　　直腸Ｓ状結腸移行部及び直腸の悪性新生物,65276,110474,65276,1526547,366623462,63525,109555,10083581,45960,65962,17099107,2167,5215,9188451,45047,320150,44191816,20991,58247,55135898,40996,923412,32121670,8683,21887,175772645,165,1036,223280,162,196,64140,6186,7748,3994292,1055,1204,5575788,181,263,96151,360,3869,8066470,3413,7791,4944133,8,8,22848
　　肝及び肝内胆管の悪性新生物,72848,141618,72848,2075074,259483567,70752,141600,13735656,46670,68023,17334607,3609,8200,15711358,57553,520342,64256258,25830,61583,72285051,46012,1216141,39330859,10099,45059,20500226,214,1426,261536,257,342,113760,2089,7922,9906188,504,658,1674808,261,482,100917,136,974,3013070,1075,2308,1186861,1,1,2856
　　気管，気管支及び肺の悪性新生物,162755,271109,162755,3290029,795383054,157808,264860,29024537,95416,130399,33668673,6732,17436,44421511,93047,768732,90644277,123521,336950,236246386,83400,1684891,72781034,16801,45491,243772635,625,3330,654010,508,765,323400,5058,10603,9570249,556,831,2791420,434,838,174360,1157,9702,24037168,6227,15181,7221139,-,-,-
　　乳房の悪性新生物,228270,390825,228270,4054370,1103525345,221993,355625,34315204,137103,206420,56232866,2588,6865,12011803,137442,750517,102680984,79087,222983,174201876,134435,2296692,84774879,36209,83074,484930536,1327,6570,1298263,996,1290,416665,8301,11322,6085258,2023,2195,14936729,626,844,686095,5694,71493,111175126,13748,38467,19681110,4,4,11424
　　子宮の悪性新生物,82568,121454,82568,952480,176565070,80296,119269,13000752,31625,37834,10931886,934,2578,4629374,60626,283222,48124326,14197,35118,38531746,25953,343485,7504576,3641,8120,17621635,178,726,134308,313,403,132570,8603,8491,2045384,1034,1273,2254374,103,125,52844,438,3834,9899144,48274,107989,21592111,1,1,2856
　　悪性リンパ腫,52792,88924,52792,1296375,296742193,51412,87879,8028063,35674,46251,12797337,1509,3486,6254000,41468,386386,48484768,15559,37276,60704386,31052,696134,17605724,6201,20963,123885303,116,822,160640,219,273,88264,2744,4155,2334859,675,1146,3910224,114,113,32219,470,4318,7146086,2935,7165,5274964,1,2,5712
　　白　血　病,22689,35029,22689,699217,178657915,22338,35415,3174773,8557,11424,2211172,580,1229,2846355,20754,204988,33575352,3006,7642,3347798,16591,425360,100304085,2112,6812,16870459,69,336,66220,93,119,41820,719,919,778335,784,2638,13910270,71,78,17076,120,297,179498,868,1958,1313988,-,-,-
　　その他の悪性新生物,754029,1214345,754029,16710087,3119332526,736783,1182280,114603563,428854,613569,150809942,24027,54934,101323969,567414,3922563,470030338,197263,532990,522237098,453130,9838560,408269093,133012,231400,1005721656,2271,13521,3073050,2228,2959,1004160,37701,73980,82384663,6909,9599,35093776,2253,3194,1056840,7262,74026,173576811,74723,156454,49484624,13,16,45696
　　良性新生物及びその他の新生物,837318,1203760,837318,9362699,1493860631,815548,1204719,160612915,213242,259607,45411362,8027,12422,28952965,480703,2390561,393565938,201735,481875,353241868,330163,4442996,116509628,37681,72076,137904890,3510,22392,4440474,2746,3760,1295571,95346,172831,47604831,40384,47148,115459111,3559,3699,1521205,742,4312,10176996,113455,244208,76787592,40,40,114240
Ⅲ　血液及び造血器の疾患並びに免疫機構の障害,461004,746858,461004,10287494,1076370832,419455,681556,83101593,219725,308883,55340787,15005,25778,173024136,293646,2353894,232792322,48065,124852,52739037,344479,6542814,134109102,56044,130953,224138641,1964,11958,2289998,5547,10302,4239159,19477,63970,72478302,4981,10384,31110466,1576,3005,767701,481,2495,3500158,7548,16614,6258490,-,-,-
　　貧　　血,346643,571394,346643,7712586,620172553,307784,505826,63122749,169533,241976,41709267,10525,19728,34229408,205332,1524078,147458038,25096,61990,22929191,268932,5160340,86211082,44059,103937,126712337,1373,8350,1545256,4819,9120,3763750,14478,53942,63441056,3945,8474,23581430,1212,2373,480037,301,808,788950,5323,11624,3867228,-,-,-
　　その他の血液及び造血器の疾患並びに免疫機構の障害,114361,175464,114361,2574908,456198279,111671,175730,19978844,50192,66907,13631520,4480,6050,138794728,88314,829816,85334284,22969,62862,29809846,75547,1382474,47898020,11985,27016,97426304,591,3608,744742,728,1182,475409,4999,10028,9037246,1036,1910,7529036,364,632,287664,180,1687,2711208,2225,4990,2391262,-,-,-
Ⅳ　内分泌、栄養及び代謝疾患 ,6914626,9964941,6914626,191630415,10424266550,6802220,9828710,1148865276,5119367,7437396,1351639319,544312,662757,1300541228,3814151,27529089,2573147041,410271,971659,329155736,6123260,142866885,2229800717,402812,955487,540971123,26982,179957,31397923,54816,96275,39443539,224709,883910,682590288,19923,20775,136219370,34385,67831,12561991,1243,3544,5974303,59238,125665,38590545,175,236,674016
　　甲状腺障害,488252,667961,488252,13271481,751423505,477519,658206,77606868,316323,449976,75170340,10893,18157,46610093,319454,2906025,350541798,33184,79420,33310517,379600,9039285,108125744,18446,44510,24769953,1318,7645,1642900,6184,10327,3924998,10404,39304,21777934,606,619,1996013,1329,2480,501898,840,1053,1544921,6972,14446,3720980,5,5,14280
　　糖　尿　病,2952828,4262084,2952828,88551577,5280558562,2899937,4209181,472593779,2033944,2902430,537447709,447303,513399,865690701,2228303,16534949,1390118231,194775,462187,161253570,2611327,63046756,1058301471,130795,323556,207885372,10683,76489,13595710,15974,28511,12093473,87727,387438,427193193,12525,14083,113978703,12724,24256,4663704,167,1455,2552072,12407,26572,11214147,148,203,579768
　　その他の内分泌，栄養及び代謝疾患,3473546,5034896,3473546,89807357,4392284483,3424764,4961323,598664629,2769100,4084990,739021270,86116,131201,388240434,1266394,8088115,832487012,182312,430052,134591649,3132333,70780844,1063373502,253571,587421,308315798,14981,95823,16159313,32658,57437,23425068,126578,457168,233619161,6792,6073,20244654,20332,41095,7396389,236,1036,1877310,39859,84647,23655418,22,28,79968
Ⅴ　精神及び行動の障害,2924978,4760673,2924978,56894222,3450918519,2852302,4620494,428575068,710247,902635,106974912,46858,115903,140729657,342560,1877986,198658752,53369,132165,70577888,2604490,44933576,753694055,77860,160442,112571999,54186,256661,59039723,2277934,3767660,1545475778,29543,108873,23509079,1276,1193,4087574,4471,9054,3229411,85,721,1349766,2841,6143,2241261,3,4,11424
　　血管性及び詳細不明の認知症,74925,168943,74925,1389051,163869880,50501,98027,10462926,21171,28765,4716504,17105,54754,60505436,16510,126742,12549560,8936,22910,16537070,49691,980491,15886949,3054,8466,2629107,349,2473,467339,24776,54053,33548027,2704,11690,5999145,137,137,359340,177,374,108026,-,-,-,84,169,60040,-,-,-
　　精神作用物質使用による精神及び行動の障害,79121,137669,79121,1548460,107175273,78489,137839,18250677,51862,79677,13002145,1057,1550,2270842,12692,85087,8413199,3105,7815,3603728,68142,1156747,24583584,4641,8273,2356883,85,596,107279,29881,68046,33527342,855,2281,710484,83,82,167016,79,149,26691,2,24,27610,128,286,126084,-,-,-
　　統合失調症，統合失調症型障害及び妄想性障害,558046,1170087,558046,15927238,1028908078,541280,1141353,87850583,138145,164733,12477401,8639,18992,19496247,56040,354675,31466807,4626,11614,4912928,533114,13009883,239647644,29300,49738,68648824,985,3005,1606580,521234,1165621,559762233,1983,6515,2195218,115,119,355723,168,314,142879,6,68,144040,195,434,159647,2,2,5712
　　気分［感情］障害（躁うつ病を含む）,1101234,1680194,1101234,21145045,1099067338,1091585,1669276,145984446,231838,287405,27115392,8887,18534,22750647,106539,584799,57498688,11087,27700,13977177,1052870,17010759,269602507,16797,41045,17315683,1003,5975,1152429,980610,1476646,536780418,5444,16190,3572257,324,282,813560,1995,4168,1323913,37,299,556446,748,1638,577197,-,-,-
　　神経症性障害，ストレス関連障害及び身体表現性障害,826983,1158603,826983,13103059,720537906,819381,1152395,122183091,199646,257358,30396178,6651,12533,18861697,109295,536880,64592498,18438,44720,20532839,736657,10186460,147469629,19924,43872,16362912,1878,10557,2062217,578247,785619,284916270,15551,64890,8290916,513,467,2053306,1832,3676,1072172,34,283,522990,1506,3230,1169839,1,2,5712
　　知的障害〈精神遅滞〉,26003,42627,26003,487038,28226337,21906,35502,3465345,7196,9246,1773527,469,823,1687877,3842,17246,2159901,374,922,331077,17364,385165,5633115,233,485,401553,3649,16730,3771568,12232,20046,8608433,268,836,254795,7,4,2477,15,19,133730,-,-,-,4,9,1390,-,-,-
　　その他の精神及び行動の障害,258666,402550,258666,3294331,303133707,249160,386102,40378000,60389,75451,17493765,4050,8717,15156911,37642,172557,21978099,6803,16484,10683069,146652,2204071,50870627,3911,8563,4857037,46237,217325,49872311,130954,197629,88333055,2738,6471,2486264,97,102,336152,205,354,422000,6,47,98680,176,377,147064,-,-,-
Ⅵ　神経系の疾患,2159240,3535394,2159240,42139436,3040735907,2040017,3249067,365591784,934831,1279236,217969025,279940,465412,668009924,429303,2672517,306942190,218266,560532,308446461,1743492,32236122,609068342,117059,315764,132912541,67837,448022,90919905,211972,352335,168003358,116686,468976,94471139,6917,4436,21917196,40286,76490,49782196,120,1142,2020930,4349,9220,3408159,23,24,68544
　　パ－キンソン病,114966,196449,114966,2834394,208874835,102933,164178,16310549,71689,90743,18819628,12714,34495,39770515,23395,157896,16599661,12412,31882,27263931,97957,2267520,64793947,4628,12076,4401022,5814,52564,11417792,6551,10338,3958094,3867,10786,3668527,242,195,535544,656,1209,951977,6,35,64620,224,474,191258,-,-,-
　　アルツハイマ－病,306987,585244,306987,6642503,569915525,243361,407778,42951567,116554,160220,24521231,51548,157963,163947039,63327,449689,43956627,29589,74033,52093859,247557,5171293,123721112,11247,31694,9538307,1230,7541,1368686,75792,155024,96612134,7034,24531,9647026,356,346,847215,799,1648,329135,3,15,27420,344,709,275140,2,2,5712
　　てんかん,228867,312035,228867,4822973,282646090,214723,287464,28837797,160943,225142,57588338,5852,12197,21244071,55722,319441,44765287,13657,32752,21445768,204815,3839921,61662010,5175,9193,9607150,4775,28178,6277662,36491,55373,21313643,4192,11467,6999437,271,262,1038686,614,977,1489028,5,38,81490,241,533,195508,-,-,-
　　脳性麻痺及びその他の麻痺性症候群,38623,96869,38623,612926,77249493,34069,83190,7680402,10668,14517,2731256,3540,11483,15691398,5038,31852,3450272,3521,9971,3445494,15254,321885,5543368,1163,3083,1615521,19249,120027,26785580,713,892,304865,3240,14705,2990413,176,107,1012683,749,1117,5879936,1,16,24730,36,72,24068,-,-,-
　　自律神経系の障害,51797,78155,51797,1227731,52085999,50792,75929,9248430,24431,35091,4812268,1565,4654,8172336,10326,57857,6338145,2191,5296,2471012,46862,1014481,13897316,3443,9015,1458266,539,6299,1419225,7766,10552,2531792,2121,7052,998254,72,51,176935,371,765,290144,2,29,45220,308,659,147644,-,-,-
　　その他の神経系の疾患,1418000,2266642,1418000,25998909,1849963965,1394139,2230528,260563039,550546,753523,109496304,204721,244620,419184565,271495,1655782,191832198,156896,406598,201726397,1131047,19621022,339450589,91403,250703,106292275,36230,233413,43650960,84659,120156,43282830,96232,400435,70167482,5800,3475,18306133,37097,70774,40841976,103,1009,1777450,3196,6773,2574541,21,22,62832
Ⅶ　眼及び付属器の疾患,7817900,9436546,7817900,69642448,6912393918,7765569,9406975,1236697501,1615493,1832007,128581849,41685,62565,103350232,7100212,37602043,2872782114,79953,183987,69405223,5514039,19249567,881652798,84068,144880,483364234,18986,52810,9575370,7903,12143,4723235,718670,885690,124307325,127316,152084,957959152,32552,40831,16195570,145,1207,2049704,4500,9577,4136322,4295,5932,16941792
　　結膜炎,1370440,1701274,1370440,12339038,1014193235,1342182,1645953,249274833,401419,486110,49278777,10876,20958,31785611,1107489,4849661,350012913,8313,18502,5600280,1207657,4996015,185006610,15137,33885,55826671,2210,9296,1757823,2598,4361,1768292,152669,258546,28125990,8402,9824,52624456,2958,4549,1600026,14,109,237420,459,977,404720,189,271,773976
　　白内障,914343,1185984,914343,10646351,1152514767,908789,1195420,126425650,229764,261758,19216597,8839,11729,19369652,805710,5726187,436760742,26216,59574,18064645,784622,3162475,123070138,15217,25522,53238735,1190,7859,1474918,1165,1493,510671,103933,137788,26595331,31561,39278,314952846,9743,12228,3824609,25,218,340800,1007,2133,880758,1911,2682,7659792
　　屈折及び調節の障害,2534428,2849362,2534428,16980210,1701377640,2531100,2855662,450394470,312066,333265,15200877,5302,5707,10680706,2454343,11006850,829971071,10369,24663,9719767,1049921,2584826,140285366,9456,14493,46633733,5843,12171,2157927,907,1325,470204,107412,105778,13775097,21699,25806,174280162,5185,6490,2491267,21,199,412050,664,1419,593246,1057,1474,4209744
　　その他の眼及び付属器の疾患,2998689,3699926,2998689,29676849,3044308276,2983498,3709940,410602548,672244,750874,44885598,16668,24171,41514263,2732670,16019345,1256037388,35055,81248,36020531,2471839,8506251,433290684,44258,70980,327665095,9743,23484,4184702,3233,4964,1974068,354656,383578,55810907,65654,77176,416101688,14666,17564,8279668,85,681,1059434,2370,5048,2257598,1138,1505,4298280
Ⅷ　耳及び乳様突起の疾患,1383987,2395494,1383987,14694710,1237343201,1356747,2357474,375767533,253146,357955,60528127,6669,8734,18371562,562537,1548767,315447612,57995,132543,60853635,903730,5887740,153199847,47871,108249,30172133,5218,24500,5249485,3728,5184,1487134,903737,4218520,165231288,29366,37710,47349502,1891,3673,1211596,34,350,613480,1559,3285,1413805,-,-,-
　　外耳炎,225340,351498,225340,1801135,139304732,222362,349337,60915570,27706,34402,3857084,912,1216,2406835,42496,109188,21017117,3564,7945,2527155,151584,580060,18991629,2274,5155,2149306,215,1160,239178,183,283,102445,196852,709252,24748876,2233,2528,2077022,110,189,72644,2,34,25950,183,384,168592,-,-,-
　　その他の外耳疾患,244077,321366,244077,1386425,159500675,239754,317858,71774371,20771,25739,4866968,636,755,1199645,40570,96156,20661018,3568,7922,2005989,88223,352617,11817815,1220,2689,1271836,373,1939,405376,129,160,49220,228463,578336,42978879,1502,1828,2264873,90,144,62629,1,7,9940,133,275,130640,-,-,-
　　中耳炎,400557,888241,400557,4831501,412936920,382585,845850,128116356,97082,153980,32833557,1053,1398,3719898,156414,401448,86658018,14234,31914,8808115,296872,1430162,50652905,4121,9518,4769128,890,3843,848223,205,260,87375,302179,1922580,57219011,22296,29661,38430439,215,203,312245,13,105,181610,270,565,268954,-,-,-
　　その他の中耳及び乳様突起の疾患,72112,141494,72112,911537,64035403,71899,142295,16753486,8263,9977,837858,239,256,685095,35286,88476,20415674,4113,9194,4434064,40896,241467,6609343,991,2481,729264,109,697,144100,98,136,38405,53872,415027,11810124,1006,1170,1384053,60,88,24652,1,15,23310,120,256,137628,-,-,-
　　メニエ－ル病,100247,164311,100247,1749353,95264009,99833,164670,21537321,33836,51020,7176960,887,1682,2462576,53846,191858,29198611,4524,10454,5150029,92449,1203867,20518572,17810,40070,4285995,209,1332,222624,1002,1400,450290,17016,81466,3677810,192,170,260688,505,1031,167839,1,16,32830,150,317,119286,-,-,-
　　その他の内耳疾患,63897,94027,63897,1017318,83817433,63559,95966,14640463,21879,30129,4125710,907,1148,2369934,36479,170394,24290450,11155,26566,17701493,52111,641238,11594975,10837,17981,4515093,258,1651,323020,596,784,223820,7293,30358,3385207,169,169,281982,260,498,115894,4,41,79950,184,392,157285,-,-,-
　　その他の耳疾患,277757,434557,277757,2997441,282484029,276755,441498,62029966,43609,52708,6829990,2035,2279,5527579,197446,491247,113206724,16837,38548,20226790,181595,1438329,33014608,10618,30355,12451511,3164,13878,3066964,1515,2161,535579,98062,481501,21411381,1968,2184,2650445,651,1520,455693,12,132,259890,519,1096,431420,-,-,-
Ⅸ　循環器系の疾患,11805469,17804965,11805469,333379890,16073904855,11438903,17048678,1988447322,9468694,14082177,2539133816,403848,849136,1205344952,4010796,25543976,2739695076,1243643,2879007,1227777243,10735580,268355594,4151324608,682289,1820919,545387701,84530,681626,131938775,47977,84826,38530491,411800,1740943,1281218025,34027,30173,127699700,84402,164321,45196082,488,3704,7706236,44139,94217,40439792,142,204,582624
　　高血圧性疾患,8121157,12011650,8121157,235417950,9529002147,7937498,11620774,1360541162,7212436,10832916,1965073009,215392,439556,553320848,2237271,14126551,1345644926,478604,1080533,266086808,7743465,194448714,2872841109,465488,1277563,287723455,32582,234188,39849264,25305,46186,21145593,242429,1126524,738823337,14335,10015,32660247,57647,114122,17703789,118,574,1094048,28127,59387,25123838,58,82,234192
　　虚血性心疾患,819767,1256045,819767,27636238,1535534823,797212,1230019,137214534,558491,828419,146582306,36886,61135,102569403,430971,2969448,365109803,153775,360296,185082652,717060,21854674,348969401,50401,121530,47890200,6287,52065,10077251,2756,4847,2243335,25948,134514,174138942,2021,2013,8995576,4676,9296,1655646,79,505,1331860,3481,7422,3275445,12,16,45696
　　その他の心疾患,1086428,1695825,1086428,30003124,2071031328,1037779,1602521,184425446,714636,1051757,199036272,62504,129246,258540930,657385,4423434,575683482,231209,539664,147917387,883813,21852842,390815375,67690,158975,93145231,6755,51679,9878924,5881,10504,4717831,33442,157057,183403595,2928,3591,14289723,5808,10923,2246517,112,710,1223338,4620,10139,4410103,23,33,94248
　　くも膜下出血,28134,43281,28134,567970,48003466,24704,34622,4144998,12593,16908,2662708,2207,7026,8892381,6469,40502,4212763,9129,21526,15777929,19445,430038,6639222,1143,2211,760284,1223,11670,2649455,192,406,216025,1221,2702,1194925,74,54,261773,89,137,482874,2,8,6690,73,158,52868,-,-,-
　　脳内出血,97608,180196,97608,2284152,198207726,83160,141177,16837511,50558,71422,11249041,10321,30208,38999395,25865,170254,17369876,26154,62614,41869436,68876,1694677,26900874,5286,10415,3893119,8161,83501,18589974,652,1280,631975,5455,16685,12004486,553,506,1822581,687,993,7609280,3,13,85290,188,404,174474,-,-,-
　　脳　梗　塞,798341,1312738,798341,20572903,1308447677,726732,1131183,130915583,527707,747423,125654466,54137,141937,173749314,248228,1559088,157901007,174078,405227,284842711,655457,16117897,280775984,46719,124800,35523906,20565,186311,39419412,7368,12616,5923346,35251,129229,58757391,1845,1402,4658416,6009,11686,8146238,14,104,190732,1890,3974,1590670,9,12,34272
　　脳動脈硬化（症）,27069,38788,27069,629191,36815299,26537,38114,4353614,21726,30723,5875509,891,1164,1841028,13631,70004,9459418,2829,6298,3469195,23290,475316,7820895,951,2618,703774,75,495,96169,140,220,98945,730,3836,2907998,24,19,49880,109,187,48988,-,-,-,91,194,83980,1,2,5712
　　その他の脳血管疾患,221658,313544,221658,4584343,395523005,215108,308789,36471147,121094,161057,28287596,6008,11803,16505659,70539,423515,50086773,85853,195758,168909087,147888,3411329,61856418,9039,20333,8246861,2362,19962,4208695,1378,2275,1035720,6783,25446,15984891,504,484,1808658,1195,2095,1270363,13,118,262430,646,1368,534532,4,6,17136
　　動脈硬化（症）,140854,249082,140854,3402978,242557265,138554,248185,25434750,75404,107087,19608843,5525,7978,14096901,83121,501397,50494322,17338,42222,19602427,119337,2371834,45321444,11329,41146,14415209,2594,16305,2666999,431,749,352045,13849,58291,44077338,829,745,4512841,2836,6106,1323648,6,36,83400,399,855,366692,25,42,119952
　　痔　核,209252,295606,209252,2932539,217069596,202837,286949,41160812,76471,100884,11911490,2641,6114,10231829,110729,361407,59033446,8760,22432,7222818,187237,2094613,41998120,6095,13891,12422879,448,2995,552579,1008,1612,614890,29509,26486,8870727,5886,5608,16336683,1470,2161,886097,81,1065,2534608,2766,6314,3253075,6,6,17136
　　低血圧（症）,23108,36549,23108,396624,33507739,22653,35957,5121444,8021,11358,2159821,558,1105,2385688,7649,51444,5668534,2324,5346,2469475,17532,278968,4495450,1806,3311,1320612,124,922,180142,1596,2280,805027,915,5573,8475189,80,75,312150,84,167,50690,1,1,220,54,117,52938,-,-,-
　　その他の循環器系の疾患,232093,371661,232093,4951878,458204784,226129,370388,41826321,89557,122223,21032755,6778,11864,24211576,118938,846932,99030726,53590,137091,84527318,152180,3324692,62890316,16342,44126,39342171,3354,21533,3769911,1270,1851,745759,16268,54600,32579206,4948,5661,41991172,3792,6448,3771952,59,570,893620,1804,3885,1521177,4,5,14280
Ⅹ　呼吸器系の疾患,11590217,17369471,11590217,135869650,10120922671,10708124,15828215,2988252370,4906457,7292247,1491026439,149483,250382,725184798,2569563,11590320,1462535407,844284,1933801,415191009,10122576,83890587,1996615432,557731,1071970,367482628,20573,124043,22668946,32920,54482,21311671,3487614,13716593,538062362,29084,34461,63190055,19872,42998,8824122,386,3200,5805158,16615,35996,13545657,19,27,77112
　　急性鼻咽頭炎［かぜ］<感冒>,495466,767823,495466,5016649,393985012,430655,660345,139615136,199958,299974,77409712,3362,5727,11581509,76308,302377,37527235,13556,29694,6598526,387869,3084140,65800308,16893,37610,13281799,1046,6828,1110621,3303,5877,2235502,178091,576602,33949867,1831,2331,3527609,1563,3921,642191,20,196,291590,477,1022,365922,-,-,-
　　急性咽頭炎及び急性扁桃炎,1060599,1495479,1060599,10084091,804039232,953953,1319017,308617688,466653,684561,145969382,5171,9346,17662779,222484,949216,104557648,24165,53877,11542317,927342,6467730,148121810,68932,115094,30386603,1288,8049,1355617,2270,4098,1644514,133808,464958,29655397,1279,1195,2358819,1768,4783,810963,42,360,549310,832,1792,714454,1,2,5712
　　その他の急性上気道感染症,2639630,3808471,2639630,24199556,1898538690,2394179,3424258,737879150,933079,1349372,306576361,10168,17087,29474370,506832,1651045,257650456,119300,255475,45191752,2281450,12861767,324287866,85273,148297,35088622,2336,15454,2663531,3336,6065,2460636,1064474,4451654,142495841,6767,8106,11181574,2998,6858,1222006,53,574,879166,1626,3471,1327028,2,2,5712
　　肺　　炎,149631,308544,149631,2953431,319987285,136284,273590,44860187,67761,116765,23513092,7598,17514,40110037,82915,725561,69270691,92401,241410,56697636,112651,1475751,37981656,28145,65006,29574525,751,4266,819027,548,1085,520155,13609,27830,12631850,464,701,2593892,442,843,185472,25,121,186574,1323,2970,961936,3,5,14280
　　急性気管支炎及び急性細気管支炎,1727283,2549398,1727283,15918796,1344115381,1486468,2114159,502182946,818396,1253859,302193318,8999,18671,33104729,292040,1472400,145685735,118069,257810,40071754,1466069,10217073,245827159,102074,167561,36039790,1442,8665,1641465,1444,2707,1167865,161229,398262,31707336,1301,1454,2613942,1539,3142,609676,21,95,290790,1334,2886,904028,-,-,-
　　アレルギ－性鼻炎,2090253,2936078,2090253,26829450,1420587195,2053281,2877394,444586502,617874,834402,116841420,22566,26532,51786427,407477,1505695,234290163,83321,176200,33210521,1924211,17252331,358694715,52246,112390,33572362,3497,20875,3781920,12398,18986,7080077,1060241,3984533,118376188,8207,9643,15018346,3264,7073,1620867,38,239,445310,1479,3114,1194810,4,6,17136
　　慢性副鼻腔炎,582969,1042089,582969,7392920,470402419,574101,1030838,140669590,104872,140918,17563633,3903,4173,8783349,141504,416144,86487819,81993,176370,45213053,503185,3082458,83209207,8589,17614,8825450,627,3502,725144,670,955,341264,465321,2511941,65201707,3973,5210,11613979,492,747,591684,17,177,271450,887,1866,896714,1,1,2856
　　急性又は慢性と明示されない気管支炎,235384,351640,235384,3924072,220712045,231620,342178,64948111,114165,171084,18518774,3839,7907,13757635,56406,332342,31201526,28862,63869,11440141,227954,2889772,55138302,24487,47575,14651197,515,3454,556594,1217,2103,789399,17061,60223,7949687,288,249,750081,859,1941,310681,16,162,275520,555,1209,401556,1,1,2856
　　慢性閉塞性肺疾患,270639,442974,270639,6703245,533299252,259361,418911,49086217,180646,275290,46115201,28947,51256,189803105,91172,624993,64947825,51166,124674,37742686,244081,5050170,98568520,21000,60094,23682936,2369,14756,2656128,1848,3298,1485422,16108,70788,14909832,603,547,1600049,1974,3967,689174,24,148,334200,1985,4332,1539840,5,7,19992
　　喘　　息,1844496,2889968,1844496,25334838,1803304421,1709844,2616603,430238388,1230861,1928217,400948606,21814,35703,92032348,387464,2168439,242462154,139205,312932,56709909,1655132,17364059,466273587,109091,224071,60417961,3754,23434,4523656,4302,6826,2612401,268027,637558,38348047,1965,2066,4308163,3753,7615,1457054,22,148,381148,3320,7094,2489530,1,1,2856
　　その他の呼吸器系の疾患,493867,777007,493867,7512602,911951739,478378,750922,125568455,172192,237805,35376940,33116,56466,237088510,304961,1442108,188454155,92246,241490,70772714,392632,4145336,112712302,41001,76658,81961383,2948,14760,2835243,1584,2482,974436,109645,532244,42836610,2406,2959,7623601,1220,2108,684354,108,980,1900100,2797,6240,2749839,1,2,5712
ⅩⅠ　消化器系の疾患,5150540,8124224,5150540,115783010,7311257498,4970928,7869418,1003576892,3157049,4693466,800156796,116836,209045,367334350,1964916,12547427,1788099873,423129,1088277,426934880,4383297,86502800,1378254403,413601,1066892,695796126,31238,196689,33802061,100586,160126,58181793,283439,960989,352786987,43526,41667,180177890,46273,94401,19539845,689,6292,13423088,155998,345072,190849709,235,243,694008
　　う　蝕,235,329,235,4039,892172,218,294,67240,117,171,34154,13,31,42298,64,515,49949,31,70,14740,144,2885,119672,3,11,486467,8,26,5825,2,2,730,11,30,70497,-,-,-,-,-,-,-,-,-,2,4,600,-,-,-
　　歯肉炎及び歯周疾患,3913,6590,3913,74561,4987441,3777,6271,1093617,1904,2997,444508,118,241,463168,749,4741,457756,182,411,211865,3261,57095,989688,397,1096,319647,15,88,15123,36,107,60580,304,1322,717867,15,13,80026,40,110,25985,5,43,93870,12,26,13628,-,-,-
　　その他の歯及び歯の支持組織の障害,8574,12714,8574,88125,8813978,8399,12531,2396572,3158,4110,611996,155,268,426519,1256,6518,822686,1546,3607,1545017,5488,54028,1244236,440,1019,552529,94,458,75582,136,256,100815,1394,5014,911774,54,49,35318,107,225,72603,-,-,-,20,42,17778,-,-,-
　　胃潰瘍及び十二指腸潰瘍,691294,1081861,691294,16820732,966901362,675591,1064281,130761748,478373,715663,120439690,13619,24332,42782488,243959,1544173,242260025,49995,127136,45843672,623413,12961018,200046297,57574,144884,60491079,4052,25454,4377749,12630,20075,7290341,26968,116309,65537465,2943,2753,10526818,6596,13244,2531524,58,539,948360,28697,60822,32837912,11,12,34272
　　胃炎及び十二指腸炎,1647379,2711153,1647379,36584597,2027693788,1608306,2653307,348519755,1111613,1714307,282550478,23893,45326,67442307,519631,2910844,486251622,107012,270778,75775323,1465836,27883721,422366771,160243,394791,95064785,13852,84899,13968254,39815,62697,22279247,96287,401417,111803429,9592,8381,34719806,22048,45862,8140446,75,785,1528282,50461,107396,56986905,34,40,114240
　　アルコ－ル性肝疾患,27081,42731,27081,707729,40466367,26632,42760,5010663,17759,25967,4426456,904,1606,2391033,14587,116105,12759728,2463,6136,3944792,22280,501195,8074331,2734,9384,1650853,74,558,107640,507,935,384098,623,2057,844278,101,129,418502,102,189,29642,4,30,51570,310,677,372075,-,-,-
　　慢性肝炎（アルコール性のものを除く）,104006,213523,104006,3228312,149339525,102256,210331,24656285,83170,138337,24230021,2525,4836,7261426,44465,334098,33942186,6231,15091,5349688,91059,2402631,33847575,22002,95008,13328212,428,3101,485633,1334,2732,1098030,4018,18082,3421588,234,177,642256,1032,2510,381187,3,13,46510,640,1364,646882,-,-,-
　　肝硬変（アルコール性のものを除く）,39345,78459,39345,1216482,83422185,38148,77105,8042580,25713,37933,7241122,1970,4417,7194243,25976,239428,27407714,4537,11185,7389847,33156,807981,14924646,5914,31152,6813287,134,951,162541,231,494,148440,1117,4299,2686565,213,284,696181,174,306,60048,10,21,141970,444,924,507136,-,-,-
　　その他の肝疾患,426358,662777,426358,10582343,638279977,416693,645879,79277188,276551,407467,72868595,14331,24785,41447513,283513,2152104,216970645,36471,88706,37176428,345485,7084715,118549489,31327,87576,44885213,1908,11770,1960062,9305,16970,6502355,13628,47705,10477856,999,944,2916128,2191,4687,940804,60,270,591560,4106,8739,3637002,1,1,2856
　　胆石症及び胆のう炎,105146,163067,105146,2448774,196503455,102308,162791,18868426,52969,76116,13280841,3036,4856,8772344,64369,474412,64959869,21877,62693,36455574,75359,1632921,26037772,7733,15930,12570109,397,2583,488904,514,838,376275,3221,9834,10074670,401,450,1801364,370,610,128688,13,86,189096,2187,4646,2456589,1,1,2856
　　膵疾患,62477,97028,62477,1740723,121628849,61207,97364,11204803,37197,56144,9849239,2711,3842,7301426,39079,319073,36589695,11387,27280,20419053,48457,1213621,21812249,5407,13846,8194826,167,1185,219951,354,541,201125,1494,5079,3937952,162,161,577440,287,545,86171,9,80,169090,915,1947,1030763,-,-,-
　　その他の消化器系の疾患,2034732,3053992,2034732,42286593,3072328399,1927393,2896504,373678015,1068525,1514254,264179696,53561,94505,181809585,727268,4445416,665627998,181397,475184,192808881,1669359,31900989,530241677,119827,272195,451439119,10109,65616,11934797,35722,54479,19739757,134374,349841,142303046,28812,28326,127764051,13326,26113,7142747,452,4425,9662780,68204,158485,92342439,188,189,539784
ⅩⅡ　皮膚及び皮下組織の疾患,5685979,8111906,5685979,55555523,4197535304,5440359,7737755,1310785478,2127392,2743456,387828237,65980,133918,212707632,704318,3528721,399575278,91233,229671,78413822,5094582,38085660,919509155,219124,487670,314107458,17608,115472,19473621,15155,26156,11316468,1236585,2297109,397301913,67841,69842,97511069,19857,43210,8227434,964,11158,16791628,21971,45580,22493008,15,21,59976
　　皮膚及び皮下組織の感染症,328570,582650,328570,3318621,315513117,313755,557191,94189804,109401,150507,21727243,5201,11045,18439373,60793,357577,36366530,17282,42096,12329524,286119,1905613,52814562,17610,45237,26490747,1602,10184,1728809,822,1593,739828,103709,210319,31371555,18586,19034,15878248,1813,3536,814582,27,261,384750,2125,4418,2099666,1,2,5712
　　皮膚炎及び湿疹,3216075,4431006,3216075,30598909,2172296870,3058399,4190164,742261068,1242191,1603329,228913071,29504,58446,90514598,389512,1773388,208851842,37256,94987,31244005,2947022,21302225,511377941,107628,256265,126539911,8982,59144,9652069,8188,14241,6121925,652376,1192894,184963197,9096,8795,16236578,11125,26039,4298581,245,2612,4118982,7810,16299,6588664,7,11,31416
　　その他の皮膚及び皮下組織の疾患,2141334,3098250,2141334,21637993,1709725317,2068205,2990400,474334606,775800,989620,137187923,31275,64427,103753661,254013,1397756,154356906,36695,92588,34840293,1861441,14877822,355316652,93886,186168,161076800,7024,46144,8092743,6145,10322,4454715,480500,893896,180967161,40159,42013,65396243,6919,13635,3114271,692,8285,12287896,12036,24863,13804678,7,8,22848
ⅩⅢ　筋骨格系及び結合組織の疾患,7307631,17847746,7307631,128589770,9343904799,7224705,17703415,1893417201,2922413,3917658,459274585,112801,188013,411800636,1257361,8941122,873315347,2004299,5733129,1321777944,5808042,75538015,1538224362,1641532,4512610,1419541245,689103,3712367,591936750,31062,48102,18100230,1780070,7181515,527612797,68735,36238,73870001,544295,1046305,198726238,277,2550,4502216,13400,28467,10789855,21,26,74256
　　炎症性多発性関節障害,623421,1065167,623421,13790819,1238121564,616640,1059518,129064862,256224,340705,41930715,23067,31139,123446906,275873,2558169,221457919,150695,458558,79838779,552586,8750365,161304708,103671,233916,432492146,17682,95257,15403136,1651,2594,1039887,72712,229420,23817824,1990,1156,2870999,13664,27068,4026433,16,123,194770,1312,2783,1126310,2,3,8568
　　関節症,1417397,3787109,1417397,23047660,1724066164,1404573,3760208,378461129,527576,699968,70278272,13223,23262,44667823,157743,1030406,101592210,382755,1154198,206776334,1090645,11938693,266932945,647949,1768144,369086556,168869,922797,147502018,2282,3549,1441853,373608,1547059,97710113,12026,7119,10470779,94010,189115,27536848,15,158,350050,1394,2939,1153725,3,3,8568
　　脊椎障害（脊椎症を含む）,1540631,4633956,1540631,28005642,1961815545,1526462,4614121,445863883,581904,773585,80272665,18136,31887,52975643,193340,1180967,122444295,440819,1306222,370714968,1221313,15544309,334319836,278276,884059,183950441,177449,1013166,157042632,2921,4310,1584571,484965,2279792,127278500,14392,3315,7166939,185644,364877,75549276,45,368,619590,2183,4621,1820660,7,8,22848
　　椎間板障害,548147,1497711,548147,7420732,648626285,544679,1489746,162465190,192785,241373,24065584,1950,2411,5247458,38855,245445,24231718,210757,585367,188344155,399873,3447482,82691417,65868,198037,31436170,79740,371089,59364512,590,918,309185,197120,724484,37961767,4743,633,1639477,63802,112758,30363387,5,57,121200,425,916,356454,-,-,-
　　頚腕症候群,193019,403320,193019,3461950,176143428,191916,401385,47102495,98653,138166,18325636,1644,2566,4254787,23371,126868,12189481,31403,85375,22594436,160158,2398878,39857669,21172,59528,8628557,10438,51198,7769828,2991,4438,1508044,44137,163576,8234640,1303,227,426668,16356,29337,5096038,-,-,-,193,407,152362,-,-,-
　　腰痛症及び坐骨神経痛,690091,1367445,690091,13725986,738753163,679178,1348188,163560782,360327,507528,67304672,12544,23530,36560967,103922,590083,57902622,142856,363820,84167530,596775,9959324,172501362,75063,217913,53042985,20814,103373,16180735,9453,15123,5762804,141020,498246,57912433,5093,1417,4441126,51270,92074,16837266,53,506,1012576,2291,4840,1496680,-,-,-
　　その他の脊柱障害,207672,513148,207672,3041114,251390407,206065,511652,57207433,67608,87137,8957580,1831,2580,6332127,25585,164986,17573681,85439,241717,64749005,145239,1573334,34634275,28634,86166,18734011,24214,121444,19598816,501,832,327795,54979,214474,13309298,1781,674,1004277,18992,35339,8662260,2,12,14730,364,761,279181,-,-,-
　　肩の傷害〈損傷〉,460430,1321734,460430,7796186,546121900,456051,1304389,132513762,185777,252135,27990495,3814,5864,9867886,48073,271394,27025293,121101,337927,64416256,362060,4163968,87239634,150525,395437,74464703,84910,468906,75264722,1893,2809,994804,119164,512361,32230717,3360,710,1494418,40056,79135,11970692,14,164,248540,460,971,386930,-,-,-
　　骨の密度及び構造の障害,569212,1185493,569212,11739667,722844532,558318,1168579,116415653,246044,338344,43563927,18279,30549,56581625,157791,784306,89290702,90727,266798,56526398,501256,8231679,152560737,122110,342009,125581174,27770,157003,24339046,1268,1929,755950,84425,360864,42324379,3097,1538,5123745,24437,51558,7316603,70,712,1172810,1750,3792,1141103,2,2,5712
　　その他の筋骨格系及び結合組織の疾患,1057611,2072663,1057611,16560014,1336021811,1040823,2045629,260762012,405515,538717,76585039,18313,34225,71865414,232808,1988498,199607426,347747,933147,183650083,778137,9529983,206181779,148264,327401,122124502,77217,408134,69471305,7512,11600,4375337,207940,651239,86833126,20950,19449,39231573,36064,65044,11367435,57,450,767950,3028,6437,2876450,7,10,28560
ⅩⅣ　腎尿路生殖器系の疾患,2663460,5552220,2663460,57195820,8933754040,2601671,5502432,632008564,970336,1452472,456708171,87693,121956,329136799,1797365,8901285,1029599408,360445,685889,269424831,1920829,37117164,764868420,250261,427927,350285721,6806,54567,9916024,13967,20395,6907607,421710,2372965,4768953137,28491,27782,190719985,8876,12987,3919642,406,4163,8627574,230532,493683,102803898,17,17,48552
　　糸球体疾患及び腎尿細管間質性疾患,146133,226980,146133,3301065,288530996,142768,225345,28219044,53505,74651,14544455,5107,7596,19693065,123592,921696,83617402,19977,53036,22702212,103315,1957901,39869770,13781,24596,29069959,335,2172,417610,821,1301,466750,6943,22935,35623269,1760,1972,11265326,402,557,234255,37,302,546570,3376,6985,1773355,1,1,2856
　　腎不全,245161,2002994,245161,15463439,5981004664,240612,1997435,154614033,188156,438812,337123335,30709,39308,171499856,152717,1060321,109749595,130417,97688,40591970,216676,9751635,234610704,82710,58488,145896187,2296,23822,4173349,647,986,382579,150610,1981019,4661129839,9199,8157,110313962,2013,1689,466946,47,164,197970,1821,3872,1425314,4,4,11424
　　尿路結石症,121286,165809,121286,2024995,218723993,120235,169067,26911500,42473,56665,7733771,1927,2390,4947835,96434,535890,59755940,61324,174874,58138374,79857,1050566,18966997,11399,15167,9286967,227,1602,308816,222,342,129330,7942,5929,3450794,2994,2663,26663066,344,494,183809,9,63,110840,4531,9278,2074955,3,3,8568
　　その他の腎尿路系の疾患,651961,979974,651961,12967811,834920800,635302,959964,136404609,268597,379091,52424231,35125,53493,89960834,486168,2408694,211009615,39840,103546,41594487,558800,8824939,171170825,37954,82110,70137781,2638,18163,3329343,4234,6908,2739881,39026,82665,35031893,2029,2031,8443516,3217,6327,1386247,125,1298,2800630,18735,38566,8134337,4,4,11424
　　前立腺肥大（症）,445186,570849,445186,10628145,493240800,441814,582692,64563495,157400,198786,22955698,10000,13473,25338681,319553,1542446,143655120,24016,64468,30553562,402727,8142985,144871103,12206,22174,37416452,766,5604,1078785,1079,1541,593835,16362,28763,8880217,892,933,4226037,1009,1568,569979,102,1332,3402232,10511,21373,5088185,2,2,5712
　　その他の男性生殖器の疾患,102798,135137,102798,1299151,91073069,100625,134151,23621121,26860,33616,4489324,967,1262,3168668,70223,315287,28706804,4055,10665,5013014,65262,781192,15658483,3104,5178,4873935,83,438,91424,188,275,90430,10746,13080,3290970,323,335,789199,162,214,142405,10,149,305430,1632,3305,810185,2,2,5712
　　月経障害及び閉経周辺期障害,261143,386689,261143,4403415,207048188,258761,384784,53424266,84762,96759,5437457,446,518,1714830,76549,325745,55704114,3048,7373,3765970,199414,3385662,61892742,34045,106538,10320783,183,1089,199959,5220,6963,1891607,28302,37346,3058873,671,673,936447,384,714,145657,5,54,62130,22534,49178,8490701,-,-,-
　　乳房及びその他の女性生殖器の疾患,689792,1083788,689792,7107799,819211530,661554,1048994,144250496,148583,174092,11999900,3412,3916,12813030,472129,1791206,337400818,77768,174239,67065242,294778,3222284,77827796,55062,113676,43283657,278,1677,316738,1556,2079,613195,161779,201228,18487282,10623,11018,28082432,1345,1424,790344,71,801,1201772,167392,361126,75006866,1,1,2856
ⅩⅤ　妊娠，分娩及び産じょく,215840,382563,215840,2183674,214773226,160552,270463,35702740,65577,80698,4708347,2016,1976,3566402,163586,569111,126494301,7475,16152,3332711,108396,1136355,20617790,15656,29730,4111986,18,89,17305,326,493,164670,34263,48870,2837078,3593,3739,6114361,1652,1651,439574,1,1,110,11989,24319,6662634,-,-,-
　　流　　産,24520,48603,24520,234470,36806070,23980,47670,6561121,5129,6201,433504,58,57,102719,20780,109099,19899097,1072,2458,750889,7562,50634,1022012,1592,2127,331767,-,-,-,26,40,14420,3361,4797,287599,1774,1791,3724676,1202,1199,334807,-,-,-,4097,8394,3341812,-,-,-
　　妊娠高血圧症候群,3475,5988,3475,36821,2242445,2133,3202,364741,1137,1452,102052,34,33,61747,2108,10948,1180002,136,282,56972,1867,20212,380871,110,243,34800,1,5,900,4,5,1650,232,318,20457,20,23,20779,1,4,360,-,-,-,47,94,17114,-,-,-
　　その他の妊娠，分娩及び産じょく,187845,327972,187845,1912383,175724711,134439,219591,28776878,59311,73045,4172791,1924,1886,3401936,140698,449064,105415202,6267,13412,2524850,98967,1065509,19214907,13954,27360,3745419,17,84,16405,296,448,148600,30670,43755,2529022,1799,1925,2368906,449,448,104407,1,1,110,7845,15831,3303708,-,-,-
ⅩⅥ　周産期に発生した病態,38907,57479,38907,238851,40692662,29674,42032,5906856,12352,15679,4560818,878,1338,8391289,17216,75070,10900648,1609,3550,995782,11798,86497,1699973,1172,1608,5010692,2022,9971,2357855,47,55,19100,2507,2705,337295,97,106,326908,27,25,156347,1,1,110,45,90,18516,-,-,-
　　妊娠及び胎児発育に関連する障害,20649,30023,20649,141242,24865629,16459,22701,2798504,6242,7466,1666720,544,677,5775663,9529,37054,7052203,938,2079,525011,7218,62383,1039318,653,959,4236329,1292,6079,1446180,38,46,16380,1383,1652,161851,38,49,64273,12,11,68963,-,-,-,31,63,11766,-,-,-
　　その他の周産期に発生した病態,18258,27456,18258,97609,15827033,13215,19331,3108352,6110,8213,2894098,334,661,2615626,7687,38016,3848445,671,1471,470771,4580,24114,660655,519,649,774363,730,3892,911675,9,9,2720,1124,1053,175444,59,57,262635,15,14,87384,1,1,110,14,27,6750,-,-,-
ⅩⅦ　先天奇形，変形及び染色体異常,178672,257692,178672,2019890,271538686,171366,251054,32750279,56638,72715,15235715,5868,9282,45789066,71278,359895,57926103,38177,91650,29271014,88246,1115819,24681818,4984,9811,9559629,12857,64549,14445155,1193,1975,949258,17819,36993,31196587,1246,1349,5711655,765,1253,1100862,7,28,293670,1651,3475,1232086,6,8,22848
　　心臓の先天奇形,24755,30118,24755,339273,45862650,23419,29067,3807970,10509,12577,2889150,1154,1377,8581370,17956,72928,18992178,9394,20033,3359347,10343,200188,5190402,459,641,2017550,344,1711,390745,64,83,28980,541,486,437956,43,55,90752,30,30,18520,-,-,-,36,81,34706,-,-,-
　　その他の先天奇形，変形及び染色体異常,153917,227574,153917,1680617,225676036,147947,221987,28942309,46129,60138,12346565,4714,7905,37207696,53322,286967,38933925,28783,71617,25911667,77903,915631,19491416,4525,9170,7542079,12513,62838,14054410,1129,1892,920278,17278,36507,30758631,1203,1294,5620903,735,1223,1082342,7,28,293670,1615,3394,1197380,6,8,22848
ⅩⅧ　症状，徴候等で他に分類されないもの,1627306,2590420,1627306,26569156,2328300349,1569764,2513166,391143006,681684,976753,169951837,37479,72734,141209925,664499,3944684,481108571,310649,776195,383673739,1153412,17019916,313620628,172950,359851,203132292,29359,178824,32494062,32982,49341,17705097,162970,550949,110783723,15601,15665,35350114,19090,39197,19603606,423,3646,7534500,32325,68149,20163953,13,15,42840
　　症状，徴候等で他に分類されないもの,1627306,2590420,1627306,26569156,2328300349,1569764,2513166,391143006,681684,976753,169951837,37479,72734,141209925,664499,3944684,481108571,310649,776195,383673739,1153412,17019916,313620628,172950,359851,203132292,29359,178824,32494062,32982,49341,17705097,162970,550949,110783723,15601,15665,35350114,19090,39197,19603606,423,3646,7534500,32325,68149,20163953,13,15,42840
ⅩⅨ　損傷，中毒及びその他の外因の影響,2418621,5266010,2418621,27860052,3420949154,2353103,5113587,767488219,726740,964984,127422510,40754,75475,136152076,359167,2248578,229828202,1188930,3499295,757555583,1539188,11974871,298595723,196096,481633,185149721,176010,1095551,193317695,5813,10133,4801664,890283,2146995,435756898,153939,154559,261503018,43048,83520,15630656,128,1208,2153860,4498,9497,4081323,51,70,199920
　　骨　　折,533315,1316869,533315,8415693,956353597,518133,1271854,149241593,151601,207120,24300787,18761,30767,54958884,85004,646894,64308839,360588,1229606,232299094,311122,3979952,85881428,59408,165888,81620541,65632,450333,79513817,1598,2331,970688,149508,372290,114441463,27118,26993,62022597,14648,29595,5553083,25,196,316720,871,1854,710742,3,3,8568
　　頭蓋内損傷及び内臓の損傷,28197,45690,28197,416613,60960075,26612,42705,6684144,9617,12740,2241370,1242,3586,4986375,7039,43188,4869861,17183,45332,28071116,12744,246638,4348773,1479,2482,1605226,1326,12188,2791420,291,559,293750,2780,5713,3054968,990,1054,1606795,153,219,299346,2,9,24300,95,199,64838,-,-,-
　　熱傷及び腐食,49528,116180,49528,461058,49749911,48034,113876,18204409,15151,22190,3316999,523,1007,1499000,3907,23063,2208654,868,2264,684349,38667,202026,6284458,1343,4342,1674191,283,2229,371212,101,239,119485,36200,88760,14664600,206,184,430984,290,692,102762,4,61,92650,62,124,54498,-,-,-
　　中　　毒,104667,135274,104667,647029,65043598,98987,126539,32469092,33604,45033,7827230,547,710,1285736,8274,44626,4646064,1289,3250,1122702,93071,380102,10864779,6500,9218,2430946,161,1040,188003,523,798,288700,28880,34686,3264446,282,290,342236,182,336,59681,5,67,102610,156,334,151156,-,-,-
　　その他の損傷及びその他の外因の影響,1702914,3651997,1702914,17919659,2288841973,1661337,3558613,560888981,516767,677901,89736124,19681,39405,73422081,254943,1490807,153794784,809002,2218843,495378322,1083584,7166153,191216285,127366,299703,97818817,108608,629761,110453243,3300,6206,3129041,672915,1645546,300331421,125343,126038,197100406,27775,52678,9615784,92,875,1617580,3314,6986,3100089,48,67,191352
