傷病,実施件数,回数,点数,入院,年度,医療扶助
腸管感染症,20456,808279,502075751,1,2017,0
結核,2696,492953,134232850,1,2017,0
主として性的伝播様式をとる感染症,542,30158,14358488,1,2017,0
皮膚及び粘膜の病変を伴うウイルス疾患,5058,304348,169073656,1,2017,0
ウイルス肝炎,2693,208260,118319988,1,2017,0
その他のウイルス疾患,2449,156499,98129860,1,2017,0
真菌症,5432,644518,329344075,1,2017,0
感染症及び寄生虫症の続発・後遺症,414,54604,22582921,1,2017,0
その他の感染症及び寄生虫症,16475,1137054,1091702967,1,2017,0
胃の悪性新生物,24508,1305445,1542866936,1,2017,0
結腸の悪性新生物,24831,1343291,1579028890,1,2017,0
直腸Ｓ状結腸移行部及び直腸の悪性新生物,13609,797479,1010784868,1,2017,0
肝及び肝内胆管の悪性新生物,13586,735096,777789858,1,2017,0
気管，気管支及び肺の悪性新生物,33379,1945936,2104843042,1,2017,0
乳房の悪性新生物,15004,575360,827192203,1,2017,0
子宮の悪性新生物,7500,333788,449118279,1,2017,0
悪性リンパ腫,11932,825727,1120470792,1,2017,0
白血病,5733,508680,819772663,1,2017,0
その他の悪性新生物,106348,5332968,6713366788,1,2017,0
良性新生物及びその他の新生物,41283,1552110,2200994103,1,2017,0
貧血,14487,930986,475301007,1,2017,0
その他の血液及び造血器の疾患並びに免疫機構の障害,8445,550352,657094175,1,2017,0
甲状腺障害,3049,242659,117417073,1,2017,0
糖尿病,35682,2924975,1442585227,1,2017,0
その他の内分泌，栄養及び代謝疾患,31917,2423456,1230665325,1,2017,0
血管性及び詳細不明の認知症,22167,1688201,887247776,1,2017,0
精神作用物質使用による精神及び行動の障害,9797,943218,333476794,1,2017,0
統合失調症，統合失調症型障害及び妄想性障害,127162,14012654,4881457804,1,2017,0
気分［感情］障害（躁うつ病を含む）,28683,3131373,1142563945,1,2017,0
神経症性障害，ストレス関連障害及び身体表現性障害,7775,768329,290957896,1,2017,0
知的障害〈精神遅滞〉,4721,593813,213843552,1,2017,0
その他の精神及び行動の障害,15776,1706608,694890064,1,2017,0
パ−キンソン病,16437,1949192,946625049,1,2017,0
アルツハイマ−病,37862,3069747,1478403174,1,2017,0
てんかん,13118,1274153,588368501,1,2017,0
脳性麻痺及びその他の麻痺性症候群,9649,1566693,587656263,1,2017,0
自律神経系の障害,2211,306616,138245910,1,2017,0
その他の神経系の疾患,54408,4782320,2705954361,1,2017,0
結膜炎,3210,261513,119941247,1,2017,0
白内障,26918,419011,795754031,1,2017,0
屈折及び調節の障害,3780,138339,126947914,1,2017,0
その他の眼及び付属器の疾患,26375,758367,1080995752,1,2017,0
外耳炎,290,37860,16548368,1,2017,0
その他の外耳疾患,346,40727,18713612,1,2017,0
中耳炎,1914,66899,74120826,1,2017,0
その他の中耳及び乳様突起の疾患,878,19158,57316498,1,2017,0
メニエ−ル病,1283,54889,25731118,1,2017,0
その他の内耳疾患,5883,163555,110678509,1,2017,0
その他の耳疾患,2847,132154,108078124,1,2017,0
高血圧性疾患,18918,1729876,663937320,1,2017,0
虚血性心疾患,50440,2788859,3729645948,1,2017,0
その他の心疾患,91427,6896594,7107843953,1,2017,0
くも膜下出血,10190,963399,977177116,1,2017,0
脳内出血,38306,4486827,2689652724,1,2017,0
脳梗塞,92319,9854720,5972362270,1,2017,0
脳動脈硬化（症）,125,12764,5196127,1,2017,0
その他の脳血管疾患,15020,1188755,1037540630,1,2017,0
動脈硬化（症）,6707,429527,542583263,1,2017,0
痔核,6659,271317,110557059,1,2017,0
低血圧（症）,645,43446,22118350,1,2017,0
その他の循環器系の疾患,22248,1434042,2170911787,1,2017,0
急性鼻咽頭炎［かぜ］<感冒>,756,61074,20523325,1,2017,0
急性咽頭炎及び急性扁桃炎,4872,168943,112607373,1,2017,0
その他の急性上気道感染症,4172,159083,99696664,1,2017,0
肺炎,77227,5874201,3325256261,1,2017,0
急性気管支炎及び急性細気管支炎,9007,357209,243087295,1,2017,0
アレルギ−性鼻炎,1187,88403,43947391,1,2017,0
慢性副鼻腔炎,2797,119938,171667505,1,2017,0
急性又は慢性と明示されない気管支炎,1139,103504,41503074,1,2017,0
慢性閉塞性肺疾患,9630,783875,462572076,1,2017,0
喘息,11213,566471,326558427,1,2017,0
その他の呼吸器系の疾患,75845,5270820,4017507553,1,2017,0
う蝕,28,1784,1054914,1,2017,0
歯肉炎及び歯周疾患,123,16675,6888477,1,2017,0
その他の歯及び歯の支持組織の障害,134,7554,5512384,1,2017,0
胃潰瘍及び十二指腸潰瘍,10524,729650,455609170,1,2017,0
胃炎及び十二指腸炎,5955,416074,172366435,1,2017,0
アルコ−ル性肝疾患,2587,168890,107963932,1,2017,0
慢性肝炎（アルコール性のものを除く）,531,50310,17043669,1,2017,0
肝硬変（アルコール性のものを除く）,3194,254874,148623100,1,2017,0
その他の肝疾患,8203,607255,359731757,1,2017,0
胆石症及び胆のう炎,26212,1148121,1410586455,1,2017,0
膵疾患,6074,295904,295575187,1,2017,0
その他の消化器系の疾患,129280,5532303,4738580946,1,2017,0
皮膚及び皮下組織の感染症,10057,586323,369103340,1,2017,0
皮膚炎及び湿疹,8727,885730,368165193,1,2017,0
その他の皮膚及び皮下組織の疾患,17717,1683620,883379170,1,2017,0
炎症性多発性関節障害,8683,813813,394984874,1,2017,0
関節症,25379,2248604,2236385843,1,2017,0
脊椎障害（脊椎症を含む）,28582,2497564,1904196760,1,2017,0
椎間板障害,7349,465365,381129108,1,2017,0
頚腕症候群,170,17084,5727688,1,2017,0
腰痛症及び坐骨神経痛,5913,422648,160655169,1,2017,0
その他の脊柱障害,3614,286007,378833839,1,2017,0
肩の傷害〈損傷〉,1042,111840,45346700,1,2017,0
骨の密度及び構造の障害,5679,533741,330922973,1,2017,0
その他の筋骨格系及び結合組織の疾患,36081,3092921,2053088739,1,2017,0
糸球体疾患及び腎尿細管間質性疾患,19718,1093801,779884084,1,2017,0
腎不全,32446,3134245,1990698148,1,2017,0
尿路結石症,8641,253306,311138673,1,2017,0
その他の腎尿路系の疾患,21142,1745454,894287236,1,2017,0
前立腺肥大（症）,5147,225253,179448411,1,2017,0
その他の男性生殖器の疾患,2602,84636,69954726,1,2017,0
月経障害及び閉経周辺期障害,386,14230,10490940,1,2017,0
乳房及びその他の女性生殖器の疾患,12360,300481,404173575,1,2017,0
流産,5365,74128,69913347,1,2017,0
心臓の先天奇形,2110,107635,274805283,1,2017,0
その他の先天奇形，変形及び染色体異常,8534,509272,553021337,1,2017,0
症状，徴候等で他に分類されないもの,40395,3434547,1550317573,1,2017,0
骨折,129896,12356422,7925840959,1,2017,0
頭蓋内損傷及び内臓の損傷,16946,1312658,996805112,1,2017,0
熱傷及び腐食,1200,80709,75989178,1,2017,0
中毒,2278,63017,63600980,1,2017,0
その他の損傷及びその他の外因の影響,61113,4291846,3050828987,1,2017,0
腸管感染症,963518,8743910,884194754,0,2017,0
結核,23371,500894,61761795,0,2017,0
主として性的伝播様式をとる感染症,62570,634254,74132710,0,2017,0
皮膚及び粘膜の病変を伴うウイルス疾患,851533,6201620,666825950,0,2017,0
ウイルス肝炎,205017,5018857,805824005,0,2017,0
その他のウイルス疾患,114410,1518299,252555377,0,2017,0
真菌症,732503,7127383,636356308,0,2017,0
感染症及び寄生虫症の続発・後遺症,6494,123243,15988953,0,2017,0
その他の感染症及び寄生虫症,279939,3586306,390329756,0,2017,0
胃の悪性新生物,226185,4352875,735397804,0,2017,0
結腸の悪性新生物,235328,4397896,871389534,0,2017,0
直腸Ｓ状結腸移行部及び直腸の悪性新生物,66786,1409448,373127421,0,2017,0
肝及び肝内胆管の悪性新生物,68462,1680556,260110052,0,2017,0
気管，気管支及び肺の悪性新生物,178315,3463343,1227436882,0,2017,0
乳房の悪性新生物,262947,4450746,1290358082,0,2017,0
子宮の悪性新生物,86089,955594,200517837,0,2017,0
悪性リンパ腫,61316,1386386,404464453,0,2017,0
白血病,23293,675101,190393545,0,2017,0
その他の悪性新生物,825297,16990878,3907560477,0,2017,0
良性新生物及びその他の新生物,940514,9847796,1697697221,0,2017,0
貧血,355161,7416586,688309599,0,2017,0
その他の血液及び造血器の疾患並びに免疫機構の障害,126206,2657889,609334617,0,2017,0
甲状腺障害,542755,13923649,869945851,0,2017,0
糖尿病,3142766,85223626,5600438280,0,2017,0
その他の内分泌，栄養及び代謝疾患,3716656,88339373,4711362699,0,2017,0
血管性及び詳細不明の認知症,78468,1240642,168705810,0,2017,0
精神作用物質使用による精神及び行動の障害,63669,1214885,92040289,0,2017,0
統合失調症，統合失調症型障害及び妄想性障害,561032,14196948,1000775617,0,2017,0
気分［感情］障害（躁うつ病を含む）,1165519,19703728,1128152669,0,2017,0
神経症性障害，ストレス関連障害及び身体表現性障害,925121,12869295,793553956,0,2017,0
知的障害〈精神遅滞〉,33694,545828,35381762,0,2017,0
その他の精神及び行動の障害,344507,3666858,387602896,0,2017,0
パ−キンソン病,124474,2583619,235468961,0,2017,0
アルツハイマ−病,359151,6535819,640492131,0,2017,0
てんかん,231484,4212797,291205917,0,2017,0
脳性麻痺及びその他の麻痺性症候群,38926,543400,79565925,0,2017,0
自律神経系の障害,47045,1015062,49599835,0,2017,0
その他の神経系の疾患,1531281,25033078,2059898395,0,2017,0
結膜炎,1483139,12968588,1111883808,0,2017,0
白内障,891238,10212400,1229698533,0,2017,0
屈折及び調節の障害,2754583,18682482,1933769889,0,2017,0
その他の眼及び付属器の疾患,3301890,31894011,3562088275,0,2017,0
外耳炎,250104,1871658,150927997,0,2017,0
その他の外耳疾患,276237,1499029,177089099,0,2017,0
中耳炎,374194,4251370,377441100,0,2017,0
その他の中耳及び乳様突起の疾患,69684,808957,62481018,0,2017,0
メニエ−ル病,106858,1674589,99728891,0,2017,0
その他の内耳疾患,71969,1039598,95842355,0,2017,0
その他の耳疾患,297856,2931089,302657575,0,2017,0
高血圧性疾患,8407623,221201742,9547193060,0,2017,0
虚血性心疾患,800054,23073342,1492788743,0,2017,0
その他の心疾患,1192693,28768737,2309105043,0,2017,0
くも膜下出血,28423,466666,49282237,0,2017,0
脳内出血,97777,1939383,199440726,0,2017,0
脳梗塞,760731,16752825,1210051109,0,2017,0
脳動脈硬化（症）,30406,631500,39481984,0,2017,0
その他の脳血管疾患,234555,4072167,408370647,0,2017,0
動脈硬化（症）,132600,2985550,254634290,0,2017,0
痔核,215199,2758231,221389025,0,2017,0
低血圧（症）,23972,356978,33805914,0,2017,0
その他の循環器系の疾患,251105,4805083,563938582,0,2017,0
急性鼻咽頭炎［かぜ］<感冒>,476472,4574345,368148751,0,2017,0
急性咽頭炎及び急性扁桃炎,1074724,9936354,804203244,0,2017,0
その他の急性上気道感染症,2732645,23907651,1922595798,0,2017,0
肺炎,165362,3127810,364681909,0,2017,0
急性気管支炎及び急性細気管支炎,1690435,15155579,1304007369,0,2017,0
アレルギ−性鼻炎,2400063,28534546,1574557510,0,2017,0
慢性副鼻腔炎,598702,7459692,482756502,0,2017,0
急性又は慢性と明示されない気管支炎,207654,3336547,191349182,0,2017,0
慢性閉塞性肺疾患,288032,6346046,555150566,0,2017,0
喘息,1926018,25308981,1866426205,0,2017,0
その他の呼吸器系の疾患,577081,8113285,1064673502,0,2017,0
う蝕,261,3557,522944,0,2017,0
歯肉炎及び歯周疾患,3978,73043,5825580,0,2017,0
その他の歯及び歯の支持組織の障害,8493,80923,8863976,0,2017,0
胃潰瘍及び十二指腸潰瘍,540336,12188554,745899730,0,2017,0
胃炎及び十二指腸炎,1678239,34247044,2032861395,0,2017,0
アルコ−ル性肝疾患,28888,682061,43689191,0,2017,0
慢性肝炎（アルコール性のものを除く）,95545,2735017,132967636,0,2017,0
肝硬変（アルコール性のものを除く）,40681,1109563,88185677,0,2017,0
その他の肝疾患,445567,10077683,658747793,0,2017,0
胆石症及び胆のう炎,108630,2314131,206722084,0,2017,0
膵疾患,68141,1722883,138718426,0,2017,0
その他の消化器系の疾患,2140657,40634163,3323161415,0,2017,0
皮膚及び皮下組織の感染症,379041,3578959,365451746,0,2017,0
皮膚炎及び湿疹,3585518,31194656,2352148208,0,2017,0
その他の皮膚及び皮下組織の疾患,2599867,23446465,2078785226,0,2017,0
炎症性多発性関節障害,660761,13281075,1310863147,0,2017,0
関節症,1564046,23593680,1851174637,0,2017,0
脊椎障害（脊椎症を含む）,1647838,27467251,2060837053,0,2017,0
椎間板障害,588117,7619090,700057243,0,2017,0
頚腕症候群,195272,3291811,177484024,0,2017,0
腰痛症及び坐骨神経痛,716643,13085326,747194359,0,2017,0
その他の脊柱障害,246380,3232757,297070972,0,2017,0
肩の傷害〈損傷〉,492732,7700473,581021316,0,2017,0
骨の密度及び構造の障害,633149,11706929,799777944,0,2017,0
その他の筋骨格系及び結合組織の疾患,1197671,17354576,1523974150,0,2017,0
糸球体疾患及び腎尿細管間質性疾患,151013,3062658,307329333,0,2017,0
腎不全,263145,14630266,6386534202,0,2017,0
尿路結石症,125942,1950380,225840306,0,2017,0
その他の腎尿路系の疾患,707765,12937686,907077764,0,2017,0
前立腺肥大（症）,483758,10158129,506358470,0,2017,0
その他の男性生殖器の疾患,105894,1259709,95223702,0,2017,0
月経障害及び閉経周辺期障害,322256,5546297,265275003,0,2017,0
乳房及びその他の女性生殖器の疾患,721621,7111073,853766434,0,2017,0
流産,22673,224281,33766527,0,2017,0
心臓の先天奇形,25199,283397,49283673,0,2017,0
その他の先天奇形，変形及び染色体異常,176644,1787546,275601409,0,2017,0
症状，徴候等で他に分類されないもの,1807169,27283865,2605150963,0,2017,0
骨折,635986,9385076,1160088767,0,2017,0
頭蓋内損傷及び内臓の損傷,30612,407484,66670562,0,2017,0
熱傷及び腐食,55150,453654,51938741,0,2017,0
中毒,132489,737949,78897516,0,2017,0
その他の損傷及びその他の外因の影響,1829494,18387462,2506223613,0,2017,0
腸管感染症,585,4887,15905858,1,2017,1
結核,93,1826,3713363,1,2017,1
主として性的伝播様式をとる感染症,65,1336,2199756,1,2017,1
皮膚及び粘膜の病変を伴うウイルス疾患,118,1233,4045634,1,2017,1
ウイルス肝炎,424,6157,18372802,1,2017,1
その他のウイルス疾患,42,858,2546640,1,2017,1
真菌症,99,1679,6529551,1,2017,1
感染症及び寄生虫症の続発・後遺症,42,914,1813527,1,2017,1
その他の感染症及び寄生虫症,582,9704,43840137,1,2017,1
胃の悪性新生物,1026,15086,62609596,1,2017,1
結腸の悪性新生物,1251,16143,74070365,1,2017,1
直腸Ｓ状結腸移行部及び直腸の悪性新生物,874,12266,58222910,1,2017,1
肝及び肝内胆管の悪性新生物,899,10946,49663838,1,2017,1
気管，気管支及び肺の悪性新生物,1859,26735,113675390,1,2017,1
乳房の悪性新生物,506,6195,29354224,1,2017,1
子宮の悪性新生物,289,3590,17433803,1,2017,1
悪性リンパ腫,368,6147,32810030,1,2017,1
白血病,193,3701,25469754,1,2017,1
その他の悪性新生物,3636,53453,231403931,1,2017,1
良性新生物及びその他の新生物,1006,11490,56396795,1,2017,1
貧血,410,5622,17741066,1,2017,1
その他の血液及び造血器の疾患並びに免疫機構の障害,193,3041,15934035,1,2017,1
甲状腺障害,182,3164,8299761,1,2017,1
糖尿病,4364,74004,184616263,1,2017,1
その他の内分泌，栄養及び代謝疾患,1858,26869,72640431,1,2017,1
血管性及び詳細不明の認知症,2817,80616,109811237,1,2017,1
精神作用物質使用による精神及び行動の障害,4820,127312,176001563,1,2017,1
統合失調症，統合失調症型障害及び妄想性障害,31747,921753,1201974032,1,2017,1
気分［感情］障害（躁うつ病を含む）,4247,107361,160232205,1,2017,1
神経症性障害，ストレス関連障害及び身体表現性障害,1351,31826,49177114,1,2017,1
知的障害〈精神遅滞〉,589,16042,21994404,1,2017,1
その他の精神及び行動の障害,2463,67368,95285123,1,2017,1
パ−キンソン病,543,13814,28031789,1,2017,1
アルツハイマ−病,2952,82913,114437365,1,2017,1
てんかん,1032,19781,43208101,1,2017,1
脳性麻痺及びその他の麻痺性症候群,128,2641,6283575,1,2017,1
自律神経系の障害,79,1327,3588954,1,2017,1
その他の神経系の疾患,2220,44462,111924611,1,2017,1
結膜炎,15,105,472224,1,2017,1
白内障,800,3162,23102193,1,2017,1
屈折及び調節の障害,150,656,4070698,1,2017,1
その他の眼及び付属器の疾患,583,3820,23453450,1,2017,1
外耳炎,5,72,202453,1,2017,1
その他の外耳疾患,1,31,50584,1,2017,1
中耳炎,25,134,1098924,1,2017,1
その他の中耳及び乳様突起の疾患,27,247,1918449,1,2017,1
メニエ−ル病,35,304,849570,1,2017,1
その他の内耳疾患,219,1470,4518328,1,2017,1
その他の耳疾患,53,432,1532873,1,2017,1
高血圧性疾患,2323,42060,90010991,1,2017,1
虚血性心疾患,2435,21793,171316689,1,2017,1
その他の心疾患,4560,74762,310729059,1,2017,1
くも膜下出血,620,16373,44054300,1,2017,1
脳内出血,3031,74697,198721908,1,2017,1
脳梗塞,6604,150701,401806562,1,2017,1
脳動脈硬化（症）,3,86,129674,1,2017,1
その他の脳血管疾患,652,10770,43464727,1,2017,1
動脈硬化（症）,570,6845,44783364,1,2017,1
痔核,142,859,3000424,1,2017,1
低血圧（症）,44,584,1505129,1,2017,1
その他の循環器系の疾患,906,12889,84158198,1,2017,1
急性鼻咽頭炎［かぜ］<感冒>,6,25,85173,1,2017,1
急性咽頭炎及び急性扁桃炎,43,219,900406,1,2017,1
その他の急性上気道感染症,60,467,1433542,1,2017,1
肺炎,2871,42397,134041635,1,2017,1
急性気管支炎及び急性細気管支炎,134,1316,4077551,1,2017,1
アレルギ−性鼻炎,31,348,1151094,1,2017,1
慢性副鼻腔炎,44,206,2322884,1,2017,1
急性又は慢性と明示されない気管支炎,43,674,1668871,1,2017,1
慢性閉塞性肺疾患,1107,22048,51527291,1,2017,1
喘息,780,9960,27308017,1,2017,1
その他の呼吸器系の疾患,2883,51067,161520799,1,2017,1
う蝕,,,,1,2017,1
歯肉炎及び歯周疾患,,,,1,2017,1
その他の歯及び歯の支持組織の障害,5,19,79783,1,2017,1
胃潰瘍及び十二指腸潰瘍,588,8209,28610643,1,2017,1
胃炎及び十二指腸炎,248,3124,7114452,1,2017,1
アルコ−ル性肝疾患,637,9507,26649803,1,2017,1
慢性肝炎（アルコール性のものを除く）,131,2635,4690206,1,2017,1
肝硬変（アルコール性のものを除く）,410,7077,18630026,1,2017,1
その他の肝疾患,369,5615,17627091,1,2017,1
胆石症及び胆のう炎,1039,11765,57037469,1,2017,1
膵疾患,390,4745,19696893,1,2017,1
その他の消化器系の疾患,3826,41514,160499812,1,2017,1
皮膚及び皮下組織の感染症,419,5306,16230952,1,2017,1
皮膚炎及び湿疹,67,849,2446433,1,2017,1
その他の皮膚及び皮下組織の疾患,685,13871,36145281,1,2017,1
炎症性多発性関節障害,511,7215,22899380,1,2017,1
関節症,942,15072,71578188,1,2017,1
脊椎障害（脊椎症を含む）,1557,26449,95508395,1,2017,1
椎間板障害,269,3443,13746860,1,2017,1
頚腕症候群,5,80,165959,1,2017,1
腰痛症及び坐骨神経痛,265,3872,8870424,1,2017,1
その他の脊柱障害,143,2057,14153700,1,2017,1
肩の傷害〈損傷〉,36,446,1237608,1,2017,1
骨の密度及び構造の障害,259,4623,14577083,1,2017,1
その他の筋骨格系及び結合組織の疾患,1584,31728,87293286,1,2017,1
糸球体疾患及び腎尿細管間質性疾患,750,9595,32123114,1,2017,1
腎不全,1837,30447,104522794,1,2017,1
尿路結石症,242,2019,10172198,1,2017,1
その他の腎尿路系の疾患,744,10697,30954109,1,2017,1
前立腺肥大（症）,199,2093,7166300,1,2017,1
その他の男性生殖器の疾患,74,753,2587514,1,2017,1
月経障害及び閉経周辺期障害,6,17,113671,1,2017,1
乳房及びその他の女性生殖器の疾患,152,957,5559045,1,2017,1
流産,29,59,262353,1,2017,1
心臓の先天奇形,23,271,2415028,1,2017,1
その他の先天奇形，変形及び染色体異常,140,1904,7362071,1,2017,1
症状，徴候等で他に分類されないもの,1676,28269,67642723,1,2017,1
骨折,5780,105461,357247341,1,2017,1
頭蓋内損傷及び内臓の損傷,838,15815,50339791,1,2017,1
熱傷及び腐食,134,2595,9922185,1,2017,1
中毒,376,3332,11384379,1,2017,1
その他の損傷及びその他の外因の影響,2124,36185,108492576,1,2017,1
腸管感染症,7555,10686,8167003,0,2017,1
結核,898,1570,1875681,0,2017,1
主として性的伝播様式をとる感染症,720,1179,896084,0,2017,1
皮膚及び粘膜の病変を伴うウイルス疾患,6491,12052,5534801,0,2017,1
ウイルス肝炎,17888,42273,74148573,0,2017,1
その他のウイルス疾患,837,1370,3454442,0,2017,1
真菌症,11271,16583,9067607,0,2017,1
感染症及び寄生虫症の続発・後遺症,753,1438,2353072,0,2017,1
その他の感染症及び寄生虫症,2224,3450,3721221,0,2017,1
胃の悪性新生物,5735,10825,23397070,0,2017,1
結腸の悪性新生物,6746,12522,36604257,0,2017,1
直腸Ｓ状結腸移行部及び直腸の悪性新生物,3918,7477,26797230,0,2017,1
肝及び肝内胆管の悪性新生物,2041,3976,8954690,0,2017,1
気管，気管支及び肺の悪性新生物,5637,10689,49001643,0,2017,1
乳房の悪性新生物,6742,12401,45490593,0,2017,1
子宮の悪性新生物,2106,3861,7137894,0,2017,1
悪性リンパ腫,1741,3107,12162381,0,2017,1
白血病,916,1524,7239696,0,2017,1
その他の悪性新生物,16492,30201,97810662,0,2017,1
良性新生物及びその他の新生物,13535,21809,32230065,0,2017,1
貧血,4621,8190,11458480,0,2017,1
その他の血液及び造血器の疾患並びに免疫機構の障害,1972,3121,9524224,0,2017,1
甲状腺障害,12621,20707,21550623,0,2017,1
糖尿病,142234,250229,313574679,0,2017,1
その他の内分泌，栄養及び代謝疾患,58214,116031,92698811,0,2017,1
血管性及び詳細不明の認知症,7594,19161,19578251,0,2017,1
精神作用物質使用による精神及び行動の障害,5991,14126,11939248,0,2017,1
統合失調症，統合失調症型障害及び妄想性障害,12825,25515,22809821,0,2017,1
気分［感情］障害（躁うつ病を含む）,25756,43364,30554999,0,2017,1
神経症性障害，ストレス関連障害及び身体表現性障害,27474,43976,29071463,0,2017,1
知的障害〈精神遅滞〉,1522,2490,1863696,0,2017,1
その他の精神及び行動の障害,8088,12881,9854000,0,2017,1
パ−キンソン病,3614,7205,7945382,0,2017,1
アルツハイマ−病,18275,43878,44462669,0,2017,1
てんかん,6607,11089,11065779,0,2017,1
脳性麻痺及びその他の麻痺性症候群,2482,6330,5858187,0,2017,1
自律神経系の障害,1503,2911,2183016,0,2017,1
その他の神経系の疾患,37786,72230,59054269,0,2017,1
結膜炎,13052,16756,9873683,0,2017,1
白内障,26981,36422,34378641,0,2017,1
屈折及び調節の障害,47340,60020,52384771,0,2017,1
その他の眼及び付属器の疾患,49895,65494,59200458,0,2017,1
外耳炎,3867,7659,2996437,0,2017,1
その他の外耳疾患,2224,2911,1599948,0,2017,1
中耳炎,5158,12522,5627831,0,2017,1
その他の中耳及び乳様突起の疾患,1682,4189,1826373,0,2017,1
メニエ−ル病,2277,4544,2558507,0,2017,1
その他の内耳疾患,1633,2760,2562680,0,2017,1
その他の耳疾患,6502,11239,6428651,0,2017,1
高血圧性疾患,278431,526101,420128702,0,2017,1
虚血性心疾患,29988,51251,58980080,0,2017,1
その他の心疾患,33526,59704,74519535,0,2017,1
くも膜下出血,2026,3945,3976906,0,2017,1
脳内出血,10262,21668,22046162,0,2017,1
脳梗塞,44627,90056,88848761,0,2017,1
脳動脈硬化（症）,214,418,301419,0,2017,1
その他の脳血管疾患,6118,10236,11372742,0,2017,1
動脈硬化（症）,3755,6860,6895238,0,2017,1
痔核,4113,6499,4331130,0,2017,1
低血圧（症）,712,1187,801448,0,2017,1
その他の循環器系の疾患,6293,10807,13753592,0,2017,1
急性鼻咽頭炎［かぜ］<感冒>,2524,3748,1870710,0,2017,1
急性咽頭炎及び急性扁桃炎,6242,8804,4890489,0,2017,1
その他の急性上気道感染症,17833,27921,14295995,0,2017,1
肺炎,1704,2763,4011078,0,2017,1
急性気管支炎及び急性細気管支炎,9485,13692,7452453,0,2017,1
アレルギ−性鼻炎,27996,49883,22342923,0,2017,1
慢性副鼻腔炎,8032,17983,8282171,0,2017,1
急性又は慢性と明示されない気管支炎,2341,3589,2289092,0,2017,1
慢性閉塞性肺疾患,15104,29670,49379667,0,2017,1
喘息,49471,89185,79612945,0,2017,1
その他の呼吸器系の疾患,8332,14729,24681759,0,2017,1
う蝕,5,6,4632,0,2017,1
歯肉炎及び歯周疾患,33,51,38126,0,2017,1
その他の歯及び歯の支持組織の障害,97,136,80374,0,2017,1
胃潰瘍及び十二指腸潰瘍,17203,32549,26645116,0,2017,1
胃炎及び十二指腸炎,36778,83016,54579289,0,2017,1
アルコ−ル性肝疾患,3310,7099,7729976,0,2017,1
慢性肝炎（アルコール性のものを除く）,4727,14336,9405910,0,2017,1
肝硬変（アルコール性のものを除く）,2537,6137,6153856,0,2017,1
その他の肝疾患,5522,10765,10009411,0,2017,1
胆石症及び胆のう炎,2623,4423,5220805,0,2017,1
膵疾患,2091,3866,4235716,0,2017,1
その他の消化器系の疾患,33370,59141,53819334,0,2017,1
皮膚及び皮下組織の感染症,4203,7847,4388281,0,2017,1
皮膚炎及び湿疹,44063,65890,29829275,0,2017,1
その他の皮膚及び皮下組織の疾患,36481,57279,37651056,0,2017,1
炎症性多発性関節障害,18715,38570,63463222,0,2017,1
関節症,50918,165549,76074809,0,2017,1
脊椎障害（脊椎症を含む）,72086,265578,108690824,0,2017,1
椎間板障害,22609,81442,31305200,0,2017,1
頚腕症候群,4950,17196,6600791,0,2017,1
腰痛症及び坐骨神経痛,18147,55012,23354646,0,2017,1
その他の脊柱障害,7016,22749,10172515,0,2017,1
肩の傷害〈損傷〉,11570,44267,16644579,0,2017,1
骨の密度及び構造の障害,16417,47788,26699717,0,2017,1
その他の筋骨格系及び結合組織の疾患,19060,45020,30323981,0,2017,1
糸球体疾患及び腎尿細管間質性疾患,2403,3756,5804741,0,2017,1
腎不全,6318,20071,52458517,0,2017,1
尿路結石症,1877,2743,3723622,0,2017,1
その他の腎尿路系の疾患,14427,21565,19132527,0,2017,1
前立腺肥大（症）,14408,20968,19590726,0,2017,1
その他の男性生殖器の疾患,1355,1932,1485958,0,2017,1
月経障害及び閉経周辺期障害,5247,9256,5013989,0,2017,1
乳房及びその他の女性生殖器の疾患,7006,10365,9687147,0,2017,1
流産,103,181,146593,0,2017,1
心臓の先天奇形,473,678,988363,0,2017,1
その他の先天奇形，変形及び染色体異常,2693,4377,4133693,0,2017,1
症状，徴候等で他に分類されないもの,30124,50700,51282420,0,2017,1
骨折,17452,41465,30118761,0,2017,1
頭蓋内損傷及び内臓の損傷,1104,2072,2551217,0,2017,1
熱傷及び腐食,945,2510,1047447,0,2017,1
中毒,1014,1381,1035372,0,2017,1
その他の損傷及びその他の外因の影響,27101,61724,43044921,0,2017,1
腸管感染症,19232,786156,472576911,1,2016,0
結核,2679,480181,131657768,1,2016,0
主として性的伝播様式をとる感染症,530,28152,14091183,1,2016,0
皮膚及び粘膜の病変を伴うウイルス疾患,4693,285705,158348228,1,2016,0
ウイルス肝炎,3296,246749,172961944,1,2016,0
その他のウイルス疾患,2521,146150,98163074,1,2016,0
真菌症,5401,635607,321285258,1,2016,0
感染症及び寄生虫症の続発・後遺症,409,51892,21547074,1,2016,0
その他の感染症及び寄生虫症,15890,1106348,1033480426,1,2016,0
胃の悪性新生物,25086,1326951,1537373223,1,2016,0
結腸の悪性新生物,24789,1328160,1522784467,1,2016,0
直腸Ｓ状結腸移行部及び直腸の悪性新生物,13486,765938,976571459,1,2016,0
肝及び肝内胆管の悪性新生物,13583,748148,776309007,1,2016,0
気管，気管支及び肺の悪性新生物,32269,1811646,2033095249,1,2016,0
乳房の悪性新生物,14537,554093,778920784,1,2016,0
子宮の悪性新生物,7087,309271,414168046,1,2016,0
悪性リンパ腫,11471,801691,1047070189,1,2016,0
白血病,5572,484768,788923159,1,2016,0
その他の悪性新生物,103869,5186889,6462841694,1,2016,0
良性新生物及びその他の新生物,38728,1458707,2031604334,1,2016,0
貧血,14151,903386,452540622,1,2016,0
その他の血液及び造血器の疾患並びに免疫機構の障害,8182,528650,623360975,1,2016,0
甲状腺障害,2945,237338,112569253,1,2016,0
糖尿病,35033,2896149,1392474979,1,2016,0
その他の内分泌，栄養及び代謝疾患,30286,2341549,1161825057,1,2016,0
血管性及び詳細不明の認知症,21850,1617490,859993543,1,2016,0
精神作用物質使用による精神及び行動の障害,9818,918772,329525132,1,2016,0
統合失調症，統合失調症型障害及び妄想性障害,129092,13988939,4908172077,1,2016,0
気分［感情］障害（躁うつ病を含む）,28587,3087127,1129128378,1,2016,0
神経症性障害，ストレス関連障害及び身体表現性障害,7420,724341,275249152,1,2016,0
知的障害〈精神遅滞〉,4514,541875,199153645,1,2016,0
その他の精神及び行動の障害,14912,1593550,648249412,1,2016,0
パ−キンソン病,15800,1835187,895582622,1,2016,0
アルツハイマ−病,36165,2909268,1403606591,1,2016,0
てんかん,12807,1203613,565954141,1,2016,0
脳性麻痺及びその他の麻痺性症候群,9668,1537090,587640542,1,2016,0
自律神経系の障害,2128,295053,133925392,1,2016,0
その他の神経系の疾患,52021,4506247,2543121069,1,2016,0
結膜炎,3118,253471,117579697,1,2016,0
白内障,26850,430928,778902124,1,2016,0
屈折及び調節の障害,3596,129978,117564783,1,2016,0
その他の眼及び付属器の疾患,24716,761176,1027787702,1,2016,0
外耳炎,265,33531,14617695,1,2016,0
その他の外耳疾患,373,41802,18844916,1,2016,0
中耳炎,1789,62084,70471214,1,2016,0
その他の中耳及び乳様突起の疾患,810,19400,50870886,1,2016,0
メニエ−ル病,1187,48624,23523736,1,2016,0
その他の内耳疾患,5636,162560,106932895,1,2016,0
その他の耳疾患,2856,127043,109532061,1,2016,0
高血圧性疾患,18763,1742675,648722086,1,2016,0
虚血性心疾患,50209,2777125,3635094010,1,2016,0
その他の心疾患,85322,6461519,6377386733,1,2016,0
くも膜下出血,10147,959999,968246083,1,2016,0
脳内出血,36960,4256515,2573918408,1,2016,0
脳梗塞,91686,9775836,5822663946,1,2016,0
脳動脈硬化（症）,128,13285,5109405,1,2016,0
その他の脳血管疾患,14474,1145893,969200013,1,2016,0
動脈硬化（症）,6546,422693,505567303,1,2016,0
痔核,6928,285037,112189918,1,2016,0
低血圧（症）,666,42008,23684406,1,2016,0
その他の循環器系の疾患,21923,1376479,1982450932,1,2016,0
急性鼻咽頭炎［かぜ］<感冒>,818,60150,21477404,1,2016,0
急性咽頭炎及び急性扁桃炎,4540,151809,101332537,1,2016,0
その他の急性上気道感染症,3955,151444,93019734,1,2016,0
肺炎,71882,5544205,3064366213,1,2016,0
急性気管支炎及び急性細気管支炎,7953,330881,215902091,1,2016,0
アレルギ−性鼻炎,1112,86152,38141409,1,2016,0
慢性副鼻腔炎,2597,106672,158983411,1,2016,0
急性又は慢性と明示されない気管支炎,1111,100070,40565610,1,2016,0
慢性閉塞性肺疾患,9342,745218,447122433,1,2016,0
喘息,11211,548777,318768156,1,2016,0
その他の呼吸器系の疾患,71359,4905308,3771854940,1,2016,0
う蝕,33,1894,1085331,1,2016,0
歯肉炎及び歯周疾患,150,20969,8108200,1,2016,0
その他の歯及び歯の支持組織の障害,122,9462,5354333,1,2016,0
胃潰瘍及び十二指腸潰瘍,10874,742780,470131259,1,2016,0
胃炎及び十二指腸炎,6074,416556,176235491,1,2016,0
アルコ−ル性肝疾患,2459,161750,104830431,1,2016,0
慢性肝炎（アルコール性のものを除く）,527,58304,17981351,1,2016,0
肝硬変（アルコール性のものを除く）,3168,246845,143440083,1,2016,0
その他の肝疾患,8151,595685,353594080,1,2016,0
胆石症及び胆のう炎,24850,1121729,1319718660,1,2016,0
膵疾患,5865,302109,286555281,1,2016,0
その他の消化器系の疾患,126503,5400747,4569326784,1,2016,0
皮膚及び皮下組織の感染症,9570,556890,347907938,1,2016,0
皮膚炎及び湿疹,8687,907134,361766883,1,2016,0
その他の皮膚及び皮下組織の疾患,16619,1534837,817295986,1,2016,0
炎症性多発性関節障害,8299,821675,378400373,1,2016,0
関節症,23398,2090546,1973256906,1,2016,0
脊椎障害（脊椎症を含む）,26738,2327897,1680486051,1,2016,0
椎間板障害,6894,438890,344404413,1,2016,0
頚腕症候群,215,22708,6790173,1,2016,0
腰痛症及び坐骨神経痛,5930,431134,161002759,1,2016,0
その他の脊柱障害,3343,273527,302802230,1,2016,0
肩の傷害〈損傷〉,1045,109142,45213890,1,2016,0
骨の密度及び構造の障害,5215,497698,294485680,1,2016,0
その他の筋骨格系及び結合組織の疾患,32412,2780320,1828411180,1,2016,0
糸球体疾患及び腎尿細管間質性疾患,18692,1050758,729365395,1,2016,0
腎不全,31541,3059948,1914618100,1,2016,0
尿路結石症,7964,236610,276331306,1,2016,0
その他の腎尿路系の疾患,19974,1681369,835683017,1,2016,0
前立腺肥大（症）,5031,224776,173837675,1,2016,0
その他の男性生殖器の疾患,2590,84949,68671500,1,2016,0
月経障害及び閉経周辺期障害,331,13203,8253388,1,2016,0
乳房及びその他の女性生殖器の疾患,11533,277130,358640193,1,2016,0
流産,5300,73015,72558292,1,2016,0
心臓の先天奇形,1824,92054,229848145,1,2016,0
その他の先天奇形，変形及び染色体異常,7866,477034,514351100,1,2016,0
症状，徴候等で他に分類されないもの,39341,3421806,1495929949,1,2016,0
骨折,120818,11549706,7269872654,1,2016,0
頭蓋内損傷及び内臓の損傷,15765,1200679,932909077,1,2016,0
熱傷及び腐食,1226,78962,76045512,1,2016,0
中毒,2357,73574,66354138,1,2016,0
その他の損傷及びその他の外因の影響,57893,4182140,2855612757,1,2016,0
腸管感染症,875682,8286433,815298965,0,2016,0
結核,24894,531683,65706431,0,2016,0
主として性的伝播様式をとる感染症,58813,600434,68918369,0,2016,0
皮膚及び粘膜の病変を伴うウイルス疾患,796999,5830480,612020260,0,2016,0
ウイルス肝炎,228493,5608310,1074456306,0,2016,0
その他のウイルス疾患,104549,1401505,235312241,0,2016,0
真菌症,708860,6954107,601271946,0,2016,0
感染症及び寄生虫症の続発・後遺症,6934,133810,16812104,0,2016,0
その他の感染症及び寄生虫症,276180,3510256,372235044,0,2016,0
胃の悪性新生物,227788,4459513,714025832,0,2016,0
結腸の悪性新生物,236436,4423223,826931808,0,2016,0
直腸Ｓ状結腸移行部及び直腸の悪性新生物,66227,1423039,359697566,0,2016,0
肝及び肝内胆管の悪性新生物,68181,1698691,268919394,0,2016,0
気管，気管支及び肺の悪性新生物,170996,3246579,1117352742,0,2016,0
乳房の悪性新生物,251403,4291572,1213580881,0,2016,0
子宮の悪性新生物,83680,935347,185318891,0,2016,0
悪性リンパ腫,57625,1317612,351139374,0,2016,0
白血病,22619,641917,175803743,0,2016,0
その他の悪性新生物,797587,16437963,3530217987,0,2016,0
良性新生物及びその他の新生物,894129,9421758,1596272686,0,2016,0
貧血,347921,7269633,651878043,0,2016,0
その他の血液及び造血器の疾患並びに免疫機構の障害,120925,2565960,545200361,0,2016,0
甲状腺障害,515711,13336363,807076804,0,2016,0
糖尿病,3053424,83879860,5371170700,0,2016,0
その他の内分泌，栄養及び代謝疾患,3622127,86643960,4486107104,0,2016,0
血管性及び詳細不明の認知症,75543,1244232,158590102,0,2016,0
精神作用物質使用による精神及び行動の障害,73333,1299380,98924102,0,2016,0
統合失調症，統合失調症型障害及び妄想性障害,556196,13976072,969386123,0,2016,0
気分［感情］障害（躁うつ病を含む）,1137502,19331978,1080107649,0,2016,0
神経症性障害，ストレス関連障害及び身体表現性障害,882886,12402124,748048747,0,2016,0
知的障害〈精神遅滞〉,30469,487364,31083526,0,2016,0
その他の精神及び行動の障害,313561,3417121,350423457,0,2016,0
パ−キンソン病,118958,2520735,220479341,0,2016,0
アルツハイマ−病,342858,6376928,604259910,0,2016,0
てんかん,227262,4253754,277639744,0,2016,0
脳性麻痺及びその他の麻痺性症候群,38519,542242,76279939,0,2016,0
自律神経系の障害,47672,1030949,48107665,0,2016,0
その他の神経系の疾患,1471967,24390745,1927134561,0,2016,0
結膜炎,1380910,12073050,1026181177,0,2016,0
白内障,901960,10213872,1189058495,0,2016,0
屈折及び調節の障害,2655370,17675287,1809905396,0,2016,0
その他の眼及び付属器の疾患,3155499,30345133,3270530483,0,2016,0
外耳炎,238867,1791317,143696249,0,2016,0
その他の外耳疾患,262391,1441095,169428882,0,2016,0
中耳炎,385974,4357769,385854655,0,2016,0
その他の中耳及び乳様突起の疾患,69247,816482,61020631,0,2016,0
メニエ−ル病,99223,1583697,89979544,0,2016,0
その他の内耳疾患,69909,1037214,91194730,0,2016,0
その他の耳疾患,286234,2885435,286197486,0,2016,0
高血圧性疾患,8243818,218710977,9240711112,0,2016,0
虚血性心疾患,806490,23801821,1490308717,0,2016,0
その他の心疾患,1151636,28323667,2177711075,0,2016,0
くも膜下出血,28009,473921,48448178,0,2016,0
脳内出血,96254,1940317,192970724,0,2016,0
脳梗塞,764612,17221394,1199351804,0,2016,0
脳動脈硬化（症）,30171,633911,38680486,0,2016,0
その他の脳血管疾患,228115,4065707,392962678,0,2016,0
動脈硬化（症）,134799,3030025,246129580,0,2016,0
痔核,216856,2795751,216625263,0,2016,0
低血圧（症）,23236,354480,30937592,0,2016,0
その他の循環器系の疾患,247596,4699085,524336576,0,2016,0
急性鼻咽頭炎［かぜ］<感冒>,459547,4393757,356759669,0,2016,0
急性咽頭炎及び急性扁桃炎,1026068,9418024,763550045,0,2016,0
その他の急性上気道感染症,2562063,22395932,1802444123,0,2016,0
肺炎,167138,3105394,355395432,0,2016,0
急性気管支炎及び急性細気管支炎,1683457,14812755,1286302304,0,2016,0
アレルギ−性鼻炎,2128863,25382905,1412379442,0,2016,0
慢性副鼻腔炎,578281,7119380,467120742,0,2016,0
急性又は慢性と明示されない気管支炎,205117,3266849,188903141,0,2016,0
慢性閉塞性肺疾患,283086,6329394,540717979,0,2016,0
喘息,1895708,24582110,1807345264,0,2016,0
その他の呼吸器系の疾患,468541,7014165,929078499,0,2016,0
う蝕,223,3333,408244,0,2016,0
歯肉炎及び歯周疾患,3892,70885,5510492,0,2016,0
その他の歯及び歯の支持組織の障害,8274,80619,8651499,0,2016,0
胃潰瘍及び十二指腸潰瘍,587191,13300372,805879447,0,2016,0
胃炎及び十二指腸炎,1677471,34164772,2011615475,0,2016,0
アルコ−ル性肝疾患,28242,679441,42032776,0,2016,0
慢性肝炎（アルコール性のものを除く）,97248,2794023,136834989,0,2016,0
肝硬変（アルコール性のものを除く）,39907,1106974,91513986,0,2016,0
その他の肝疾患,435740,10014750,643889446,0,2016,0
胆石症及び胆のう炎,107159,2287866,199837076,0,2016,0
膵疾患,66242,1666516,129500462,0,2016,0
その他の消化器系の疾患,2106221,40105418,3157320905,0,2016,0
皮膚及び皮下組織の感染症,365006,3458875,346149764,0,2016,0
皮膚炎及び湿疹,3485725,30606734,2256984513,0,2016,0
その他の皮膚及び皮下組織の疾患,2400666,22100513,1881396626,0,2016,0
炎症性多発性関節障害,641467,13004238,1227458569,0,2016,0
関節症,1503799,22572604,1731746443,0,2016,0
脊椎障害（脊椎症を含む）,1596040,26609889,1951616669,0,2016,0
椎間板障害,566379,7263300,654798391,0,2016,0
頚腕症候群,191710,3271921,172111458,0,2016,0
腰痛症及び坐骨神経痛,695444,12787640,715241532,0,2016,0
その他の脊柱障害,237655,3101093,277740301,0,2016,0
肩の傷害〈損傷〉,479670,7526962,549796028,0,2016,0
骨の密度及び構造の障害,606390,11264578,739151864,0,2016,0
その他の筋骨格系及び結合組織の疾患,1141687,16709972,1424302634,0,2016,0
糸球体疾患及び腎尿細管間質性疾患,147649,3027423,289429518,0,2016,0
腎不全,257916,14353216,6026553601,0,2016,0
尿路結石症,123971,1920053,219832647,0,2016,0
その他の腎尿路系の疾患,688977,12647089,857582451,0,2016,0
前立腺肥大（症）,477125,10146044,495878277,0,2016,0
その他の男性生殖器の疾患,105883,1232702,91227956,0,2016,0
月経障害及び閉経周辺期障害,294256,4871356,235024728,0,2016,0
乳房及びその他の女性生殖器の疾患,719527,7109815,844993984,0,2016,0
流産,22850,220157,33778470,0,2016,0
心臓の先天奇形,24957,302656,48302380,0,2016,0
その他の先天奇形，変形及び染色体異常,165369,1691870,248990014,0,2016,0
症状，徴候等で他に分類されないもの,1730481,26209575,2468178326,0,2016,0
骨折,591669,8659567,1049911509,0,2016,0
頭蓋内損傷及び内臓の損傷,29146,399606,63427362,0,2016,0
熱傷及び腐食,53280,443618,50633331,0,2016,0
中毒,158405,868603,91939499,0,2016,0
その他の損傷及びその他の外因の影響,1778404,17739706,2377870216,0,2016,0
腸管感染症,568,4742,14407965,1,2016,1
結核,120,2503,4734196,1,2016,1
主として性的伝播様式をとる感染症,55,1403,2031021,1,2016,1
皮膚及び粘膜の病変を伴うウイルス疾患,115,1257,3295555,1,2016,1
ウイルス肝炎,527,8253,24673412,1,2016,1
その他のウイルス疾患,55,833,2273231,1,2016,1
真菌症,89,1665,6045347,1,2016,1
感染症及び寄生虫症の続発・後遺症,46,1091,2060697,1,2016,1
その他の感染症及び寄生虫症,488,8140,40740113,1,2016,1
胃の悪性新生物,1097,15901,63053674,1,2016,1
結腸の悪性新生物,1183,16275,71660615,1,2016,1
直腸Ｓ状結腸移行部及び直腸の悪性新生物,903,12227,58862459,1,2016,1
肝及び肝内胆管の悪性新生物,837,10044,44186109,1,2016,1
気管，気管支及び肺の悪性新生物,1858,26374,110454990,1,2016,1
乳房の悪性新生物,485,6163,26566891,1,2016,1
子宮の悪性新生物,295,4147,18580850,1,2016,1
悪性リンパ腫,356,6164,31586273,1,2016,1
白血病,169,3279,22963952,1,2016,1
その他の悪性新生物,3638,55932,227694247,1,2016,1
良性新生物及びその他の新生物,939,11729,51727306,1,2016,1
貧血,419,5802,17294393,1,2016,1
その他の血液及び造血器の疾患並びに免疫機構の障害,178,2789,12831873,1,2016,1
甲状腺障害,129,2205,5136543,1,2016,1
糖尿病,4173,74054,172298229,1,2016,1
その他の内分泌，栄養及び代謝疾患,1774,26074,69460579,1,2016,1
血管性及び詳細不明の認知症,2889,83288,111335339,1,2016,1
精神作用物質使用による精神及び行動の障害,4858,129355,176707373,1,2016,1
統合失調症，統合失調症型障害及び妄想性障害,32410,943701,1221169199,1,2016,1
気分［感情］障害（躁うつ病を含む）,4167,106200,157402666,1,2016,1
神経症性障害，ストレス関連障害及び身体表現性障害,1206,29144,44630269,1,2016,1
知的障害〈精神遅滞〉,539,14679,20577142,1,2016,1
その他の精神及び行動の障害,2546,70086,98312379,1,2016,1
パ−キンソン病,604,15583,33926234,1,2016,1
アルツハイマ−病,2899,81832,111715772,1,2016,1
てんかん,1001,19494,39964619,1,2016,1
脳性麻痺及びその他の麻痺性症候群,130,2826,7138031,1,2016,1
自律神経系の障害,77,1342,2925105,1,2016,1
その他の神経系の疾患,2136,44562,110363958,1,2016,1
結膜炎,20,105,514880,1,2016,1
白内障,736,3042,22057344,1,2016,1
屈折及び調節の障害,142,687,4309409,1,2016,1
その他の眼及び付属器の疾患,666,4895,29683515,1,2016,1
外耳炎,1,6,24138,1,2016,1
その他の外耳疾患,0,0,0,1,2016,1
中耳炎,29,200,1682457,1,2016,1
その他の中耳及び乳様突起の疾患,32,306,2339116,1,2016,1
メニエ−ル病,49,503,1059330,1,2016,1
その他の内耳疾患,243,1582,5301494,1,2016,1
その他の耳疾患,49,445,1510737,1,2016,1
高血圧性疾患,2277,41288,85256479,1,2016,1
虚血性心疾患,2328,21141,158731367,1,2016,1
その他の心疾患,4248,70342,268308778,1,2016,1
くも膜下出血,628,16509,42868232,1,2016,1
脳内出血,2972,73831,188808846,1,2016,1
脳梗塞,6546,153232,390432171,1,2016,1
脳動脈硬化（症）,5,90,101881,1,2016,1
その他の脳血管疾患,578,9612,38547080,1,2016,1
動脈硬化（症）,567,7348,42664122,1,2016,1
痔核,151,1025,3420778,1,2016,1
低血圧（症）,40,438,1286325,1,2016,1
その他の循環器系の疾患,948,13349,83410921,1,2016,1
急性鼻咽頭炎［かぜ］<感冒>,6,27,102057,1,2016,1
急性咽頭炎及び急性扁桃炎,58,298,1204159,1,2016,1
その他の急性上気道感染症,69,466,1463213,1,2016,1
肺炎,2540,37187,116712127,1,2016,1
急性気管支炎及び急性細気管支炎,134,1106,3792421,1,2016,1
アレルギ−性鼻炎,14,191,413450,1,2016,1
慢性副鼻腔炎,43,323,2480780,1,2016,1
急性又は慢性と明示されない気管支炎,37,473,1137065,1,2016,1
慢性閉塞性肺疾患,1017,20853,49404222,1,2016,1
喘息,773,10261,27404278,1,2016,1
その他の呼吸器系の疾患,2794,48254,149754680,1,2016,1
う蝕,0,0,0,1,2016,1
歯肉炎及び歯周疾患,0,0,0,1,2016,1
その他の歯及び歯の支持組織の障害,4,49,145604,1,2016,1
胃潰瘍及び十二指腸潰瘍,689,9635,32462267,1,2016,1
胃炎及び十二指腸炎,255,3425,7700093,1,2016,1
アルコ−ル性肝疾患,530,8165,22700457,1,2016,1
慢性肝炎（アルコール性のものを除く）,128,2399,4411158,1,2016,1
肝硬変（アルコール性のものを除く）,402,7098,18288733,1,2016,1
その他の肝疾患,336,4910,14459481,1,2016,1
胆石症及び胆のう炎,982,11366,52912982,1,2016,1
膵疾患,408,4797,19542173,1,2016,1
その他の消化器系の疾患,3632,39965,150653965,1,2016,1
皮膚及び皮下組織の感染症,385,4945,14561319,1,2016,1
皮膚炎及び湿疹,72,1134,3003681,1,2016,1
その他の皮膚及び皮下組織の疾患,607,12000,31223763,1,2016,1
炎症性多発性関節障害,494,7235,21325827,1,2016,1
関節症,900,15469,65728945,1,2016,1
脊椎障害（脊椎症を含む）,1440,25230,86257387,1,2016,1
椎間板障害,247,3205,11377995,1,2016,1
頚腕症候群,9,125,157079,1,2016,1
腰痛症及び坐骨神経痛,241,3682,8005996,1,2016,1
その他の脊柱障害,119,1635,10293727,1,2016,1
肩の傷害〈損傷〉,32,613,1294057,1,2016,1
骨の密度及び構造の障害,267,4745,12988585,1,2016,1
その他の筋骨格系及び結合組織の疾患,1365,27974,75784049,1,2016,1
糸球体疾患及び腎尿細管間質性疾患,785,9631,31169362,1,2016,1
腎不全,1772,29461,98913324,1,2016,1
尿路結石症,213,1823,8759734,1,2016,1
その他の腎尿路系の疾患,689,9850,27926635,1,2016,1
前立腺肥大（症）,189,2169,6839366,1,2016,1
その他の男性生殖器の疾患,83,818,2794028,1,2016,1
月経障害及び閉経周辺期障害,3,6,33968,1,2016,1
乳房及びその他の女性生殖器の疾患,126,900,4749628,1,2016,1
流産,39,81,480470,1,2016,1
心臓の先天奇形,23,204,1355022,1,2016,1
その他の先天奇形，変形及び染色体異常,132,1830,7169929,1,2016,1
症状，徴候等で他に分類されないもの,1631,28078,65951434,1,2016,1
骨折,5298,98027,318730270,1,2016,1
頭蓋内損傷及び内臓の損傷,867,17193,52127486,1,2016,1
熱傷及び腐食,99,1761,6766276,1,2016,1
中毒,390,3725,10850944,1,2016,1
その他の損傷及びその他の外因の影響,2143,37398,110321347,1,2016,1
腸管感染症,7394,10385,7791845,0,2016,1
結核,968,1624,2382749,0,2016,1
主として性的伝播様式をとる感染症,663,1071,814721,0,2016,1
皮膚及び粘膜の病変を伴うウイルス疾患,6219,11538,5590746,0,2016,1
ウイルス肝炎,19141,46611,80270313,0,2016,1
その他のウイルス疾患,921,1549,4127965,0,2016,1
真菌症,10810,15874,8669603,0,2016,1
感染症及び寄生虫症の続発・後遺症,749,1414,2462585,0,2016,1
その他の感染症及び寄生虫症,2201,3410,3279019,0,2016,1
胃の悪性新生物,5783,10907,22362894,0,2016,1
結腸の悪性新生物,6540,11856,32573279,0,2016,1
直腸Ｓ状結腸移行部及び直腸の悪性新生物,3875,7261,25489033,0,2016,1
肝及び肝内胆管の悪性新生物,2120,4138,8936270,0,2016,1
気管，気管支及び肺の悪性新生物,5248,10033,42742036,0,2016,1
乳房の悪性新生物,6529,12004,42314475,0,2016,1
子宮の悪性新生物,2067,3620,6374694,0,2016,1
悪性リンパ腫,1715,3035,10043000,0,2016,1
白血病,884,1498,6529991,0,2016,1
その他の悪性新生物,15875,29434,88409280,0,2016,1
良性新生物及びその他の新生物,13120,20690,29937859,0,2016,1
貧血,4572,7967,10847154,0,2016,1
その他の血液及び造血器の疾患並びに免疫機構の障害,1874,2804,9176152,0,2016,1
甲状腺障害,12190,19827,20862614,0,2016,1
糖尿病,139162,243796,301746926,0,2016,1
その他の内分泌，栄養及び代謝疾患,56289,111001,88474289,0,2016,1
血管性及び詳細不明の認知症,7029,17582,18795571,0,2016,1
精神作用物質使用による精神及び行動の障害,6343,14688,12127218,0,2016,1
統合失調症，統合失調症型障害及び妄想性障害,12664,25025,22320619,0,2016,1
気分［感情］障害（躁うつ病を含む）,26254,42956,30523555,0,2016,1
神経症性障害，ストレス関連障害及び身体表現性障害,27482,43319,28435521,0,2016,1
知的障害〈精神遅滞〉,1412,2419,1857010,0,2016,1
その他の精神及び行動の障害,8538,13268,10628513,0,2016,1
パ−キンソン病,3546,7033,7639619,0,2016,1
アルツハイマ−病,16285,38643,41131066,0,2016,1
てんかん,6644,10847,11099663,0,2016,1
脳性麻痺及びその他の麻痺性症候群,2550,6527,6214250,0,2016,1
自律神経系の障害,1591,3020,2098916,0,2016,1
その他の神経系の疾患,36905,70328,55994277,0,2016,1
結膜炎,12637,16115,9699490,0,2016,1
白内障,26827,35638,32971517,0,2016,1
屈折及び調節の障害,45460,56998,49053151,0,2016,1
その他の眼及び付属器の疾患,48447,63223,55368835,0,2016,1
外耳炎,3785,7698,2971739,0,2016,1
その他の外耳疾患,2146,2814,1498261,0,2016,1
中耳炎,5416,12909,5817751,0,2016,1
その他の中耳及び乳様突起の疾患,1637,4201,1764642,0,2016,1
メニエ−ル病,2334,4532,2681202,0,2016,1
その他の内耳疾患,1523,2449,2269508,0,2016,1
その他の耳疾患,6518,11479,6290977,0,2016,1
高血圧性疾患,269988,507199,403632830,0,2016,1
虚血性心疾患,29991,51351,58563717,0,2016,1
その他の心疾患,32389,56366,69151438,0,2016,1
くも膜下出血,1945,3892,3807255,0,2016,1
脳内出血,9899,20824,20768758,0,2016,1
脳梗塞,43260,87541,84385762,0,2016,1
脳動脈硬化（症）,216,430,360518,0,2016,1
その他の脳血管疾患,6011,10002,11223933,0,2016,1
動脈硬化（症）,3722,6813,6569583,0,2016,1
痔核,4191,6535,4186231,0,2016,1
低血圧（症）,694,1155,764817,0,2016,1
その他の循環器系の疾患,6199,10672,12940811,0,2016,1
急性鼻咽頭炎［かぜ］<感冒>,2561,3879,1871535,0,2016,1
急性咽頭炎及び急性扁桃炎,6156,8884,4598031,0,2016,1
その他の急性上気道感染症,17489,27732,14252192,0,2016,1
肺炎,1683,2716,3520077,0,2016,1
急性気管支炎及び急性細気管支炎,9727,14240,7511565,0,2016,1
アレルギ−性鼻炎,26311,46466,20807802,0,2016,1
慢性副鼻腔炎,7936,17800,8012471,0,2016,1
急性又は慢性と明示されない気管支炎,2562,3948,2284210,0,2016,1
慢性閉塞性肺疾患,14577,28575,46811264,0,2016,1
喘息,49573,87738,76484182,0,2016,1
その他の呼吸器系の疾患,7624,14034,23081869,0,2016,1
う蝕,4,5,6070,0,2016,1
歯肉炎及び歯周疾患,27,29,16480,0,2016,1
その他の歯及び歯の支持組織の障害,100,173,97511,0,2016,1
胃潰瘍及び十二指腸潰瘍,18394,34911,28855808,0,2016,1
胃炎及び十二指腸炎,36693,82302,54244582,0,2016,1
アルコ−ル性肝疾患,3273,7017,7424857,0,2016,1
慢性肝炎（アルコール性のものを除く）,4806,14477,9441582,0,2016,1
肝硬変（アルコール性のものを除く）,2610,6361,6760552,0,2016,1
その他の肝疾患,5423,10786,10289774,0,2016,1
胆石症及び胆のう炎,2615,4368,5237247,0,2016,1
膵疾患,2116,4021,4116407,0,2016,1
その他の消化器系の疾患,32696,57450,52755772,0,2016,1
皮膚及び皮下組織の感染症,4117,7647,3998493,0,2016,1
皮膚炎及び湿疹,43216,64019,28670886,0,2016,1
その他の皮膚及び皮下組織の疾患,34760,53957,33720817,0,2016,1
炎症性多発性関節障害,18224,37408,59414074,0,2016,1
関節症,49089,158639,71649309,0,2016,1
脊椎障害（脊椎症を含む）,70284,255803,103347665,0,2016,1
椎間板障害,22421,80651,30864827,0,2016,1
頚腕症候群,4854,16978,6415445,0,2016,1
腰痛症及び坐骨神経痛,17526,52320,22423081,0,2016,1
その他の脊柱障害,6847,21739,9652896,0,2016,1
肩の傷害〈損傷〉,11177,43215,16014792,0,2016,1
骨の密度及び構造の障害,15614,45374,24809819,0,2016,1
その他の筋骨格系及び結合組織の疾患,18771,43604,30110878,0,2016,1
糸球体疾患及び腎尿細管間質性疾患,2530,3973,6214771,0,2016,1
腎不全,6202,18239,46633104,0,2016,1
尿路結石症,1796,2593,3119101,0,2016,1
その他の腎尿路系の疾患,13788,20153,17016378,0,2016,1
前立腺肥大（症）,14027,20159,18439367,0,2016,1
その他の男性生殖器の疾患,1345,1822,1278060,0,2016,1
月経障害及び閉経周辺期障害,5031,8683,4792692,0,2016,1
乳房及びその他の女性生殖器の疾患,7035,10294,9542159,0,2016,1
流産,145,242,213572,0,2016,1
心臓の先天奇形,513,696,1043159,0,2016,1
その他の先天奇形，変形及び染色体異常,2765,4506,4483884,0,2016,1
症状，徴候等で他に分類されないもの,29490,49321,49506503,0,2016,1
骨折,16263,38730,27624694,0,2016,1
頭蓋内損傷及び内臓の損傷,1107,1991,2328082,0,2016,1
熱傷及び腐食,900,2396,976495,0,2016,1
中毒,1288,1705,1150164,0,2016,1
その他の損傷及びその他の外因の影響,26783,60646,41571642,0,2016,1
腸管感染症,19009,864195,466414621,1,2015,0
結核,2833,523513,137379423,1,2015,0
主として性的伝播様式をとる感染症,566,31953,15253940,1,2015,0
皮膚及び粘膜の病変を伴うウイルス疾患,4884,307493,161584571,1,2015,0
ウイルス肝炎,3356,268825,131646828,1,2015,0
その他のウイルス疾患,2395,156270,92997649,1,2015,0
真菌症,5391,664777,323018505,1,2015,0
感染症及び寄生虫症の続発・後遺症,454,58018,23945613,1,2015,0
その他の感染症及び寄生虫症,15932,1191496,1050806348,1,2015,0
胃の悪性新生物,24578,1452511,1479227060,1,2015,0
結腸の悪性新生物,23887,1426462,1422789430,1,2015,0
直腸Ｓ状結腸移行部及び直腸の悪性新生物,13345,821327,957855924,1,2015,0
肝及び肝内胆管の悪性新生物,13635,831342,770751803,1,2015,0
気管，気管支及び肺の悪性新生物,30630,1984370,1848355456,1,2015,0
乳房の悪性新生物,12980,566448,694102885,1,2015,0
子宮の悪性新生物,6834,327267,387873676,1,2015,0
悪性リンパ腫,10659,835933,957899048,1,2015,0
白血病,5417,543250,780826436,1,2015,0
その他の悪性新生物,101581,5710318,6179433460,1,2015,0
良性新生物及びその他の新生物,37204,1531952,1944898702,1,2015,0
貧血,14911,987727,469586773,1,2015,0
その他の血液及び造血器の疾患並びに免疫機構の障害,8308,578328,668426061,1,2015,0
甲状腺障害,2932,249164,109063636,1,2015,0
糖尿病,35490,3144655,1414796981,1,2015,0
その他の内分泌，栄養及び代謝疾患,30568,2494658,1155298225,1,2015,0
血管性及び詳細不明の認知症,22276,1662442,869997168,1,2015,0
精神作用物質使用による精神及び行動の障害,9591,940586,323024199,1,2015,0
統合失調症，統合失調症型障害及び妄想性障害,131404,14333062,4944375602,1,2015,0
気分［感情］障害（躁うつ病を含む）,28483,3091544,1110827162,1,2015,0
神経症性障害，ストレス関連障害及び身体表現性障害,7367,743891,268608340,1,2015,0
知的障害〈精神遅滞〉,4317,508052,191805014,1,2015,0
その他の精神及び行動の障害,14680,1578901,630365663,1,2015,0
パ−キンソン病,15905,1859944,897524745,1,2015,0
アルツハイマ−病,34710,2808006,1338993751,1,2015,0
てんかん,12868,1235918,572877296,1,2015,0
脳性麻痺及びその他の麻痺性症候群,9488,1494054,573674000,1,2015,0
自律神経系の障害,1993,283607,125260520,1,2015,0
その他の神経系の疾患,50886,4538023,2481703508,1,2015,0
結膜炎,3336,292177,127894793,1,2015,0
白内障,25773,463511,839548271,1,2015,0
屈折及び調節の障害,3597,135024,123020513,1,2015,0
その他の眼及び付属器の疾患,24181,780607,1017577492,1,2015,0
外耳炎,235,31645,14535405,1,2015,0
その他の外耳疾患,382,39404,19930008,1,2015,0
中耳炎,1815,68675,71789521,1,2015,0
その他の中耳及び乳様突起の疾患,818,21655,50658571,1,2015,0
メニエ−ル病,1035,51832,21012487,1,2015,0
その他の内耳疾患,5458,171412,98469213,1,2015,0
その他の耳疾患,2678,131926,102801935,1,2015,0
高血圧性疾患,19047,1779933,649732461,1,2015,0
虚血性心疾患,47350,2876657,3481864896,1,2015,0
その他の心疾患,80443,6671775,5798684878,1,2015,0
くも膜下出血,10072,975571,955081634,1,2015,0
脳内出血,36474,4299114,2521399105,1,2015,0
脳梗塞,92050,9928458,5775603963,1,2015,0
脳動脈硬化（症）,132,15101,5192557,1,2015,0
その他の脳血管疾患,14643,1229159,964369763,1,2015,0
動脈硬化（症）,6213,467962,473197790,1,2015,0
痔核,6304,275142,106125674,1,2015,0
低血圧（症）,723,49220,24153687,1,2015,0
その他の循環器系の疾患,21576,1444296,1983918772,1,2015,0
急性鼻咽頭炎［かぜ］<感冒>,800,54533,20004448,1,2015,0
急性咽頭炎及び急性扁桃炎,4987,183078,115172705,1,2015,0
その他の急性上気道感染症,4150,166084,98956331,1,2015,0
肺炎,74866,6221945,3160810255,1,2015,0
急性気管支炎及び急性細気管支炎,8968,407775,249946758,1,2015,0
アレルギ−性鼻炎,1130,93948,41293625,1,2015,0
慢性副鼻腔炎,2353,109004,142695857,1,2015,0
急性又は慢性と明示されない気管支炎,1252,129911,47362297,1,2015,0
慢性閉塞性肺疾患,9301,792387,453032616,1,2015,0
喘息,11077,604904,318711510,1,2015,0
その他の呼吸器系の疾患,71647,5249182,3794626990,1,2015,0
う蝕,17,1160,797067,1,2015,0
歯肉炎及び歯周疾患,132,17822,7232225,1,2015,0
その他の歯及び歯の支持組織の障害,121,9886,5594574,1,2015,0
胃潰瘍及び十二指腸潰瘍,12106,895039,515970415,1,2015,0
胃炎及び十二指腸炎,6320,471319,182567183,1,2015,0
アルコ−ル性肝疾患,2319,166156,93008906,1,2015,0
慢性肝炎（アルコール性のものを除く）,690,73636,23904705,1,2015,0
肝硬変（アルコール性のものを除く）,3271,289801,153918988,1,2015,0
その他の肝疾患,8489,674218,364921792,1,2015,0
胆石症及び胆のう炎,23069,1177816,1208322807,1,2015,0
膵疾患,5826,335170,285497123,1,2015,0
その他の消化器系の疾患,126631,5927060,4528709972,1,2015,0
皮膚及び皮下組織の感染症,9493,594093,346709491,1,2015,0
皮膚炎及び湿疹,9055,962219,373012810,1,2015,0
その他の皮膚及び皮下組織の疾患,16608,1617739,821582650,1,2015,0
炎症性多発性関節障害,8539,867318,386861397,1,2015,0
関節症,21959,2050483,1840911808,1,2015,0
脊椎障害（脊椎症を含む）,26424,2426445,1616635230,1,2015,0
椎間板障害,6949,471934,334138942,1,2015,0
頚腕症候群,198,22245,6876895,1,2015,0
腰痛症及び坐骨神経痛,6357,477445,169233243,1,2015,0
その他の脊柱障害,3164,263187,285136184,1,2015,0
肩の傷害〈損傷〉,988,98061,43460429,1,2015,0
骨の密度及び構造の障害,4781,495753,247725792,1,2015,0
その他の筋骨格系及び結合組織の疾患,31750,2757878,1774841526,1,2015,0
糸球体疾患及び腎尿細管間質性疾患,18069,1075086,703598806,1,2015,0
腎不全,31073,3198158,1917985038,1,2015,0
尿路結石症,7807,251983,253585923,1,2015,0
その他の腎尿路系の疾患,19173,1685523,787399103,1,2015,0
前立腺肥大（症）,4933,240877,168402703,1,2015,0
その他の男性生殖器の疾患,2489,88485,64461768,1,2015,0
月経障害及び閉経周辺期障害,346,15445,8609051,1,2015,0
乳房及びその他の女性生殖器の疾患,11425,285551,348040277,1,2015,0
流産,5666,79968,74879381,1,2015,0
心臓の先天奇形,1817,108255,231774942,1,2015,0
その他の先天奇形，変形及び染色体異常,7937,484953,512744753,1,2015,0
症状，徴候等で他に分類されないもの,41780,3788571,1597689223,1,2015,0
骨折,113099,11066348,6699832208,1,2015,0
頭蓋内損傷及び内臓の損傷,15383,1225185,885515179,1,2015,0
熱傷及び腐食,1218,84194,78024542,1,2015,0
中毒,2343,68123,59894599,1,2015,0
その他の損傷及びその他の外因の影響,58857,4388936,2900625876,1,2015,0
腸管感染症,945300,8910856,849901903,0,2015,0
結核,24294,527753,58680894,0,2015,0
主として性的伝播様式をとる感染症,55808,570165,64034282,0,2015,0
皮膚及び粘膜の病変を伴うウイルス疾患,798327,5722508,616520522,0,2015,0
ウイルス肝炎,228536,6058098,696988290,0,2015,0
その他のウイルス疾患,85005,1128163,204680012,0,2015,0
真菌症,720819,7262678,602469501,0,2015,0
感染症及び寄生虫症の続発・後遺症,7295,144939,17789190,0,2015,0
その他の感染症及び寄生虫症,285782,3481334,367336549,0,2015,0
胃の悪性新生物,221340,4479222,605068922,0,2015,0
結腸の悪性新生物,236475,4594776,829575733,0,2015,0
直腸Ｓ状結腸移行部及び直腸の悪性新生物,64553,1445122,354905735,0,2015,0
肝及び肝内胆管の悪性新生物,70210,1854447,251317934,0,2015,0
気管，気管支及び肺の悪性新生物,163730,3176665,800191393,0,2015,0
乳房の悪性新生物,228834,3938971,1093682284,0,2015,0
子宮の悪性新生物,81072,903348,175174120,0,2015,0
悪性リンパ腫,53658,1242025,310338996,0,2015,0
白血病,22224,641576,172674488,0,2015,0
その他の悪性新生物,764474,16128981,3246191926,0,2015,0
良性新生物及びその他の新生物,851259,9092541,1499772928,0,2015,0
貧血,345445,7434061,624849982,0,2015,0
その他の血液及び造血器の疾患並びに免疫機構の障害,117023,2502257,506530065,0,2015,0
甲状腺障害,494443,13098448,754556451,0,2015,0
糖尿病,2977751,85396264,5275734998,0,2015,0
その他の内分泌，栄養及び代謝疾患,3502527,87295068,4427519923,0,2015,0
血管性及び詳細不明の認知症,75031,1254235,165922210,0,2015,0
精神作用物質使用による精神及び行動の障害,74697,1385866,100428196,0,2015,0
統合失調症，統合失調症型障害及び妄想性障害,554703,14834118,980229559,0,2015,0
気分［感情］障害（躁うつ病を含む）,1120750,20342600,1095189000,0,2015,0
神経症性障害，ストレス関連障害及び身体表現性障害,856515,12828298,738726247,0,2015,0
知的障害〈精神遅滞〉,27491,476429,28303416,0,2015,0
その他の精神及び行動の障害,280040,3272661,316268554,0,2015,0
パ−キンソン病,113981,2561764,208589096,0,2015,0
アルツハイマ−病,325439,6435475,604983288,0,2015,0
てんかん,220886,4337051,270865776,0,2015,0
脳性麻痺及びその他の麻痺性症候群,37958,547716,72856691,0,2015,0
自律神経系の障害,49447,1117138,48937509,0,2015,0
その他の神経系の疾患,1436347,24852267,1863540015,0,2015,0
結膜炎,1397889,12381174,1037388624,0,2015,0
白内障,898614,10158111,1140328663,0,2015,0
屈折及び調節の障害,2655918,17389021,1754964210,0,2015,0
その他の眼及び付属器の疾患,3074568,29735990,3133384267,0,2015,0
外耳炎,234808,1791985,142234154,0,2015,0
その他の外耳疾患,252372,1372482,162855769,0,2015,0
中耳炎,388266,4458260,384869833,0,2015,0
その他の中耳及び乳様突起の疾患,72769,877636,64145411,0,2015,0
メニエ−ル病,102011,1686369,94693498,0,2015,0
その他の内耳疾患,67178,1014961,89129304,0,2015,0
その他の耳疾患,292328,2958543,291301804,0,2015,0
高血圧性疾患,8076212,224626953,9342038119,0,2015,0
虚血性心疾患,789564,24796131,1463832798,0,2015,0
その他の心疾患,1094702,28496891,2088872591,0,2015,0
くも膜下出血,27677,490578,48384661,0,2015,0
脳内出血,96113,2032200,196696249,0,2015,0
脳梗塞,772195,18191591,1246180287,0,2015,0
脳動脈硬化（症）,27971,621950,36254530,0,2015,0
その他の脳血管疾患,218628,4129774,380021003,0,2015,0
動脈硬化（症）,135954,3114976,234110155,0,2015,0
痔核,212877,2874119,218471834,0,2015,0
低血圧（症）,23003,379784,32599945,0,2015,0
その他の循環器系の疾患,232251,4667632,466974002,0,2015,0
急性鼻咽頭炎［かぜ］<感冒>,455804,4579580,355277561,0,2015,0
急性咽頭炎及び急性扁桃炎,1056996,9897716,795050836,0,2015,0
その他の急性上気道感染症,2586589,23177968,1831112769,0,2015,0
肺炎,157140,3012492,332590857,0,2015,0
急性気管支炎及び急性細気管支炎,1664167,15373088,1278564141,0,2015,0
アレルギ−性鼻炎,2074481,25718537,1409871189,0,2015,0
慢性副鼻腔炎,581764,7276868,466423652,0,2015,0
急性又は慢性と明示されない気管支炎,232241,3787550,215021793,0,2015,0
慢性閉塞性肺疾患,273232,6412446,532179885,0,2015,0
喘息,1811714,24445573,1754016749,0,2015,0
その他の呼吸器系の疾患,446116,6782570,873718429,0,2015,0
う蝕,237,4149,455752,0,2015,0
歯肉炎及び歯周疾患,3959,70070,4673863,0,2015,0
その他の歯及び歯の支持組織の障害,8576,87334,9255230,0,2015,0
胃潰瘍及び十二指腸潰瘍,631853,14785187,872549386,0,2015,0
胃炎及び十二指腸炎,1661512,35350998,2018816788,0,2015,0
アルコ−ル性肝疾患,27393,678450,40849901,0,2015,0
慢性肝炎（アルコール性のものを除く）,100833,3042074,144140236,0,2015,0
肝硬変（アルコール性のものを除く）,39446,1152082,83243490,0,2015,0
その他の肝疾患,427083,10284233,632976690,0,2015,0
胆石症及び胆のう炎,104789,2334801,194397177,0,2015,0
膵疾患,63736,1677353,124993948,0,2015,0
その他の消化器系の疾患,2070005,41000622,3102301777,0,2015,0
皮膚及び皮下組織の感染症,353989,3456437,332766820,0,2015,0
皮膚炎及び湿疹,3445589,31074148,2251994502,0,2015,0
その他の皮膚及び皮下組織の疾患,2276799,21685206,1780957864,0,2015,0
炎症性多発性関節障害,627567,13101473,1201310218,0,2015,0
関節症,1439487,22116106,1693235499,0,2015,0
脊椎障害（脊椎症を含む）,1565023,26903779,1935829467,0,2015,0
椎間板障害,555633,7270822,643811639,0,2015,0
頚腕症候群,190559,3352139,170893343,0,2015,0
腰痛症及び坐骨神経痛,691198,13209529,724171799,0,2015,0
その他の脊柱障害,214163,2976228,255713795,0,2015,0
肩の傷害〈損傷〉,464745,7465009,534892476,0,2015,0
骨の密度及び構造の障害,582634,11328801,733393560,0,2015,0
その他の筋骨格系及び結合組織の疾患,1086404,16136443,1344158696,0,2015,0
糸球体疾患及び腎尿細管間質性疾患,149138,3133073,288437144,0,2015,0
腎不全,250357,14552501,5997703475,0,2015,0
尿路結石症,122960,1978290,218693569,0,2015,0
その他の腎尿路系の疾患,680208,12883315,863129939,0,2015,0
前立腺肥大（症）,456950,10197894,488559093,0,2015,0
その他の男性生殖器の疾患,104880,1275447,91750250,0,2015,0
月経障害及び閉経周辺期障害,276599,4623846,221708562,0,2015,0
乳房及びその他の女性生殖器の疾患,696198,7041567,816444311,0,2015,0
流産,24972,238263,36605820,0,2015,0
心臓の先天奇形,24184,313274,45496834,0,2015,0
その他の先天奇形，変形及び染色体異常,156352,1637364,229833579,0,2015,0
症状，徴候等で他に分類されないもの,1685841,26253091,2376037649,0,2015,0
骨折,555204,8286219,986683926,0,2015,0
頭蓋内損傷及び内臓の損傷,28083,383037,60390547,0,2015,0
熱傷及び腐食,52646,446148,49475090,0,2015,0
中毒,136220,786102,80944018,0,2015,0
その他の損傷及びその他の外因の影響,1752968,17646138,2313546777,0,2015,0
腸管感染症,542,4759,14439285,1,2015,1
結核,103,2104,3877573,1,2015,1
主として性的伝播様式をとる感染症,54,1429,1997990,1,2015,1
皮膚及び粘膜の病変を伴うウイルス疾患,113,1468,4066492,1,2015,1
ウイルス肝炎,587,9233,23395222,1,2015,1
その他のウイルス疾患,66,1142,3911460,1,2015,1
真菌症,70,1268,4930615,1,2015,1
感染症及び寄生虫症の続発・後遺症,50,1246,2664654,1,2015,1
その他の感染症及び寄生虫症,434,7272,34253091,1,2015,1
胃の悪性新生物,1107,16390,63656604,1,2015,1
結腸の悪性新生物,1193,16649,70104897,1,2015,1
直腸Ｓ状結腸移行部及び直腸の悪性新生物,926,13463,60819531,1,2015,1
肝及び肝内胆管の悪性新生物,855,11105,47050040,1,2015,1
気管，気管支及び肺の悪性新生物,1815,26684,102347905,1,2015,1
乳房の悪性新生物,442,5446,23334748,1,2015,1
子宮の悪性新生物,277,3933,16128010,1,2015,1
悪性リンパ腫,318,5745,27927193,1,2015,1
白血病,188,3565,24511731,1,2015,1
その他の悪性新生物,3564,55025,217915620,1,2015,1
良性新生物及びその他の新生物,933,11919,53126731,1,2015,1
貧血,445,6227,19883835,1,2015,1
その他の血液及び造血器の疾患並びに免疫機構の障害,195,2999,14710119,1,2015,1
甲状腺障害,129,2229,5636371,1,2015,1
糖尿病,4382,77988,179905993,1,2015,1
その他の内分泌，栄養及び代謝疾患,1731,25298,66098653,1,2015,1
血管性及び詳細不明の認知症,3017,86973,115197192,1,2015,1
精神作用物質使用による精神及び行動の障害,4964,130737,178533177,1,2015,1
統合失調症，統合失調症型障害及び妄想性障害,33285,972480,1244016156,1,2015,1
気分［感情］障害（躁うつ病を含む）,4287,109365,159689911,1,2015,1
神経症性障害，ストレス関連障害及び身体表現性障害,1173,27793,43141670,1,2015,1
知的障害〈精神遅滞〉,476,12620,17438639,1,2015,1
その他の精神及び行動の障害,2446,68064,94041096,1,2015,1
パ−キンソン病,650,16275,33458992,1,2015,1
アルツハイマ−病,2826,79973,107916781,1,2015,1
てんかん,985,19559,40769910,1,2015,1
脳性麻痺及びその他の麻痺性症候群,128,2623,5994747,1,2015,1
自律神経系の障害,85,1711,4000245,1,2015,1
その他の神経系の疾患,2193,44725,112545282,1,2015,1
結膜炎,16,127,502844,1,2015,1
白内障,765,3155,24965926,1,2015,1
屈折及び調節の障害,125,574,3731713,1,2015,1
その他の眼及び付属器の疾患,613,4568,28400805,1,2015,1
外耳炎,3,24,325535,1,2015,1
その他の外耳疾患,0,0,0,1,2015,1
中耳炎,25,139,1109882,1,2015,1
その他の中耳及び乳様突起の疾患,19,230,1441810,1,2015,1
メニエ−ル病,33,313,639839,1,2015,1
その他の内耳疾患,187,1224,3789940,1,2015,1
その他の耳疾患,35,266,1287194,1,2015,1
高血圧性疾患,2292,42082,86738082,1,2015,1
虚血性心疾患,2316,21015,159430206,1,2015,1
その他の心疾患,4088,68408,255251912,1,2015,1
くも膜下出血,632,16381,44768259,1,2015,1
脳内出血,2879,72600,183865586,1,2015,1
脳梗塞,6753,156645,393666742,1,2015,1
脳動脈硬化（症）,2,34,49054,1,2015,1
その他の脳血管疾患,637,10734,41685827,1,2015,1
動脈硬化（症）,595,7433,44236183,1,2015,1
痔核,152,1198,3574142,1,2015,1
低血圧（症）,33,337,876615,1,2015,1
その他の循環器系の疾患,850,12317,72055813,1,2015,1
急性鼻咽頭炎［かぜ］<感冒>,2,28,81349,1,2015,1
急性咽頭炎及び急性扁桃炎,61,357,1264245,1,2015,1
その他の急性上気道感染症,65,407,1432672,1,2015,1
肺炎,2784,41338,126814026,1,2015,1
急性気管支炎及び急性細気管支炎,194,1751,5685418,1,2015,1
アレルギ−性鼻炎,22,236,764787,1,2015,1
慢性副鼻腔炎,57,343,3003153,1,2015,1
急性又は慢性と明示されない気管支炎,48,593,1602555,1,2015,1
慢性閉塞性肺疾患,1041,21142,49310539,1,2015,1
喘息,858,11107,28971325,1,2015,1
その他の呼吸器系の疾患,2754,46712,151169276,1,2015,1
う蝕,0,0,0,1,2015,1
歯肉炎及び歯周疾患,2,9,42858,1,2015,1
その他の歯及び歯の支持組織の障害,1,31,53760,1,2015,1
胃潰瘍及び十二指腸潰瘍,659,9112,28639714,1,2015,1
胃炎及び十二指腸炎,239,3261,6924742,1,2015,1
アルコ−ル性肝疾患,548,8308,22382987,1,2015,1
慢性肝炎（アルコール性のものを除く）,131,2634,4389036,1,2015,1
肝硬変（アルコール性のものを除く）,451,8103,20326356,1,2015,1
その他の肝疾患,351,5343,15156011,1,2015,1
胆石症及び胆のう炎,985,11723,53579050,1,2015,1
膵疾患,373,4234,16701804,1,2015,1
その他の消化器系の疾患,3625,39465,146874250,1,2015,1
皮膚及び皮下組織の感染症,383,5194,15044716,1,2015,1
皮膚炎及び湿疹,80,1143,2676541,1,2015,1
その他の皮膚及び皮下組織の疾患,648,12857,34569727,1,2015,1
炎症性多発性関節障害,548,8544,24991540,1,2015,1
関節症,872,15492,64167097,1,2015,1
脊椎障害（脊椎症を含む）,1522,26620,86606018,1,2015,1
椎間板障害,240,3305,11008383,1,2015,1
頚腕症候群,6,128,188720,1,2015,1
腰痛症及び坐骨神経痛,258,4221,8751052,1,2015,1
その他の脊柱障害,123,1915,12406338,1,2015,1
肩の傷害〈損傷〉,35,495,1424617,1,2015,1
骨の密度及び構造の障害,220,4199,11354556,1,2015,1
その他の筋骨格系及び結合組織の疾患,1333,27003,73970002,1,2015,1
糸球体疾患及び腎尿細管間質性疾患,743,9511,30725249,1,2015,1
腎不全,1732,28729,96075677,1,2015,1
尿路結石症,196,1554,7539499,1,2015,1
その他の腎尿路系の疾患,612,8878,25526445,1,2015,1
前立腺肥大（症）,206,2207,7107833,1,2015,1
その他の男性生殖器の疾患,64,481,1892512,1,2015,1
月経障害及び閉経周辺期障害,7,66,218697,1,2015,1
乳房及びその他の女性生殖器の疾患,162,1191,5873103,1,2015,1
流産,46,88,792991,1,2015,1
心臓の先天奇形,20,205,1350599,1,2015,1
その他の先天奇形，変形及び染色体異常,107,1647,5160425,1,2015,1
症状，徴候等で他に分類されないもの,1646,28774,67118434,1,2015,1
骨折,4929,90869,294452007,1,2015,1
頭蓋内損傷及び内臓の損傷,790,15717,46086709,1,2015,1
熱傷及び腐食,112,1955,6787024,1,2015,1
中毒,446,3979,12069029,1,2015,1
その他の損傷及びその他の外因の影響,2179,38633,110903537,1,2015,1
腸管感染症,8149,11496,8549879,0,2015,1
結核,958,1729,2040514,0,2015,1
主として性的伝播様式をとる感染症,685,1112,874525,0,2015,1
皮膚及び粘膜の病変を伴うウイルス疾患,6195,11229,5345805,0,2015,1
ウイルス肝炎,19555,55024,57193992,0,2015,1
その他のウイルス疾患,847,1453,4485188,0,2015,1
真菌症,10576,15579,8191102,0,2015,1
感染症及び寄生虫症の続発・後遺症,778,1496,2395600,0,2015,1
その他の感染症及び寄生虫症,2320,3620,3298072,0,2015,1
胃の悪性新生物,5742,11029,17859956,0,2015,1
結腸の悪性新生物,6374,11815,34831856,0,2015,1
直腸Ｓ状結腸移行部及び直腸の悪性新生物,3646,6913,26467312,0,2015,1
肝及び肝内胆管の悪性新生物,2214,4418,8410760,0,2015,1
気管，気管支及び肺の悪性新生物,5033,9486,31599670,0,2015,1
乳房の悪性新生物,6104,11262,39737094,0,2015,1
子宮の悪性新生物,2007,3477,6070184,0,2015,1
悪性リンパ腫,1652,3030,9170407,0,2015,1
白血病,880,1508,7125837,0,2015,1
その他の悪性新生物,14932,27084,76520679,0,2015,1
良性新生物及びその他の新生物,12794,20243,28379084,0,2015,1
貧血,4600,8144,11765680,0,2015,1
その他の血液及び造血器の疾患並びに免疫機構の障害,1967,3070,10846010,0,2015,1
甲状腺障害,11840,19650,20533741,0,2015,1
糖尿病,135968,245953,304629803,0,2015,1
その他の内分泌，栄養及び代謝疾患,54141,111493,90083176,0,2015,1
血管性及び詳細不明の認知症,6848,17029,21519209,0,2015,1
精神作用物質使用による精神及び行動の障害,6374,16035,13868155,0,2015,1
統合失調症，統合失調症型障害及び妄想性障害,12397,24483,22768932,0,2015,1
気分［感情］障害（躁うつ病を含む）,26641,45076,31837963,0,2015,1
神経症性障害，ストレス関連障害及び身体表現性障害,27197,44062,28992845,0,2015,1
知的障害〈精神遅滞〉,1321,2213,1743228,0,2015,1
その他の精神及び行動の障害,8171,13237,10430621,0,2015,1
パ−キンソン病,3868,7626,8792458,0,2015,1
アルツハイマ−病,14451,33670,41296310,0,2015,1
てんかん,6638,11156,11125057,0,2015,1
脳性麻痺及びその他の麻痺性症候群,2468,6440,5903378,0,2015,1
自律神経系の障害,1722,3469,2556878,0,2015,1
その他の神経系の疾患,36805,72013,57530514,0,2015,1
結膜炎,13115,17254,10059851,0,2015,1
白内障,27411,36807,32509513,0,2015,1
屈折及び調節の障害,44881,57089,48116623,0,2015,1
その他の眼及び付属器の疾患,47059,62259,52999724,0,2015,1
外耳炎,3721,7737,2960501,0,2015,1
その他の外耳疾患,2140,2823,1591745,0,2015,1
中耳炎,5567,13507,6147238,0,2015,1
その他の中耳及び乳様突起の疾患,1707,4253,1814560,0,2015,1
メニエ−ル病,2251,4684,2664742,0,2015,1
その他の内耳疾患,1562,2663,2186779,0,2015,1
その他の耳疾患,6537,11579,6431375,0,2015,1
高血圧性疾患,264386,515090,414226003,0,2015,1
虚血性心疾患,29693,52506,60113130,0,2015,1
その他の心疾患,31257,55664,68049164,0,2015,1
くも膜下出血,1937,3793,3954673,0,2015,1
脳内出血,9689,20606,21887966,0,2015,1
脳梗塞,42404,86514,89029842,0,2015,1
脳動脈硬化（症）,227,473,391338,0,2015,1
その他の脳血管疾患,5809,9728,11049854,0,2015,1
動脈硬化（症）,3803,7305,6530139,0,2015,1
痔核,4065,6651,4597912,0,2015,1
低血圧（症）,759,1319,981037,0,2015,1
その他の循環器系の疾患,6014,10566,12921245,0,2015,1
急性鼻咽頭炎［かぜ］<感冒>,2683,3941,1905249,0,2015,1
急性咽頭炎及び急性扁桃炎,6709,9618,5053660,0,2015,1
その他の急性上気道感染症,18433,29063,14640304,0,2015,1
肺炎,1712,2964,3581883,0,2015,1
急性気管支炎及び急性細気管支炎,9733,14182,7565405,0,2015,1
アレルギ−性鼻炎,25766,46768,21147701,0,2015,1
慢性副鼻腔炎,8146,18420,7995775,0,2015,1
急性又は慢性と明示されない気管支炎,2958,4489,2627158,0,2015,1
慢性閉塞性肺疾患,14000,27764,44242333,0,2015,1
喘息,49382,90662,77831642,0,2015,1
その他の呼吸器系の疾患,7560,14073,22206705,0,2015,1
う蝕,8,8,5777,0,2015,1
歯肉炎及び歯周疾患,28,49,26183,0,2015,1
その他の歯及び歯の支持組織の障害,111,194,104697,0,2015,1
胃潰瘍及び十二指腸潰瘍,20094,38899,30945360,0,2015,1
胃炎及び十二指腸炎,36531,84646,55079676,0,2015,1
アルコ−ル性肝疾患,3229,7481,7214347,0,2015,1
慢性肝炎（アルコール性のものを除く）,5187,16416,10315486,0,2015,1
肝硬変（アルコール性のものを除く）,2788,7199,6832923,0,2015,1
その他の肝疾患,5428,11133,10338286,0,2015,1
胆石症及び胆のう炎,2529,4301,5249988,0,2015,1
膵疾患,2173,4456,4587007,0,2015,1
その他の消化器系の疾患,32324,57942,54591176,0,2015,1
皮膚及び皮下組織の感染症,3847,7289,3686043,0,2015,1
皮膚炎及び湿疹,42616,63531,28614315,0,2015,1
その他の皮膚及び皮下組織の疾患,33114,52081,32048085,0,2015,1
炎症性多発性関節障害,18174,38397,60254791,0,2015,1
関節症,48193,160094,71610776,0,2015,1
脊椎障害（脊椎症を含む）,69010,258651,104084861,0,2015,1
椎間板障害,22217,81792,30754132,0,2015,1
頚腕症候群,4881,16827,6470688,0,2015,1
腰痛症及び坐骨神経痛,17510,54501,23228500,0,2015,1
その他の脊柱障害,6667,22314,9699432,0,2015,1
肩の傷害〈損傷〉,11345,44753,16544845,0,2015,1
骨の密度及び構造の障害,14750,44898,24565701,0,2015,1
その他の筋骨格系及び結合組織の疾患,18877,43442,31446234,0,2015,1
糸球体疾患及び腎尿細管間質性疾患,2511,4035,5508452,0,2015,1
腎不全,5858,17209,44006284,0,2015,1
尿路結石症,1815,2634,3459639,0,2015,1
その他の腎尿路系の疾患,13267,19872,17054610,0,2015,1
前立腺肥大（症）,13368,19583,18442155,0,2015,1
その他の男性生殖器の疾患,1312,1978,1385393,0,2015,1
月経障害及び閉経周辺期障害,4692,8076,4485569,0,2015,1
乳房及びその他の女性生殖器の疾患,6840,10095,9293364,0,2015,1
流産,187,323,280650,0,2015,1
心臓の先天奇形,539,759,1322214,0,2015,1
その他の先天奇形，変形及び染色体異常,2683,4402,4113793,0,2015,1
症状，徴候等で他に分類されないもの,28720,48557,46560674,0,2015,1
骨折,15325,37595,26577512,0,2015,1
頭蓋内損傷及び内臓の損傷,1091,1962,2595565,0,2015,1
熱傷及び腐食,935,2390,1001341,0,2015,1
中毒,1199,1557,1004875,0,2015,1
その他の損傷及びその他の外因の影響,27084,61462,41291480,0,2015,1
腸管感染症,1036357,9705369,921010789,0,2014,0
結核,25792,576855,62888837,0,2014,0
主として性的伝播様式をとる感染症,56975,615597,67221616,0,2014,0
皮膚及び粘膜の病変を伴うウイルス疾患,749851,5671296,600183602,0,2014,0
ウイルス肝炎,229025,6504932,689635240,0,2014,0
その他のウイルス疾患,82029,1141617,194661941,0,2014,0
真菌症,641065,7006576,553718174,0,2014,0
感染症及び寄生虫症の続発・後遺症,7985,165787,19642530,0,2014,0
その他の感染症及び寄生虫症,256530,3317958,340763126,0,2014,0
胃の悪性新生物,226201,4868619,619142227,0,2014,0
結腸の悪性新生物,227492,4725026,826161044,0,2014,0
直腸Ｓ状結腸移行部及び直腸の悪性新生物,65276,1526547,366623462,0,2014,0
肝及び肝内胆管の悪性新生物,72848,2075074,259483567,0,2014,0
気管，気管支及び肺の悪性新生物,162755,3290029,795383054,0,2014,0
乳房の悪性新生物,228270,4054370,1103525345,0,2014,0
子宮の悪性新生物,82568,952480,176565070,0,2014,0
悪性リンパ腫,52792,1296375,296742193,0,2014,0
白血病,22689,699217,178657915,0,2014,0
その他の悪性新生物,754029,16710087,3119332526,0,2014,0
良性新生物及びその他の新生物,837318,9362699,1493860631,0,2014,0
貧血,346643,7712586,620172553,0,2014,0
その他の血液及び造血器の疾患並びに免疫機構の障害,114361,2574908,456198279,0,2014,0
甲状腺障害,488252,13271481,751423505,0,2014,0
糖尿病,2952828,88551577,5280558562,0,2014,0
その他の内分泌，栄養及び代謝疾患,3473546,89807357,4392284483,0,2014,0
血管性及び詳細不明の認知症,74925,1389051,163869880,0,2014,0
精神作用物質使用による精神及び行動の障害,79121,1548460,107175273,0,2014,0
統合失調症，統合失調症型障害及び妄想性障害,558046,15927238,1028908078,0,2014,0
気分［感情］障害（躁うつ病を含む）,1101234,21145045,1099067338,0,2014,0
神経症性障害，ストレス関連障害及び身体表現性障害,826983,13103059,720537906,0,2014,0
知的障害〈精神遅滞〉,26003,487038,28226337,0,2014,0
その他の精神及び行動の障害,258666,3294331,303133707,0,2014,0
パ−キンソン病,114966,2834394,208874835,0,2014,0
アルツハイマ−病,306987,6642503,569915525,0,2014,0
てんかん,228867,4822973,282646090,0,2014,0
脳性麻痺及びその他の麻痺性症候群,38623,612926,77249493,0,2014,0
自律神経系の障害,51797,1227731,52085999,0,2014,0
その他の神経系の疾患,1418000,25998909,1849963965,0,2014,0
結膜炎,1370440,12339038,1014193235,0,2014,0
白内障,914343,10646351,1152514767,0,2014,0
屈折及び調節の障害,2534428,16980210,1701377640,0,2014,0
その他の眼及び付属器の疾患,2998689,29676849,3044308276,0,2014,0
外耳炎,225340,1801135,139304732,0,2014,0
その他の外耳疾患,244077,1386425,159500675,0,2014,0
中耳炎,400557,4831501,412936920,0,2014,0
その他の中耳及び乳様突起の疾患,72112,911537,64035403,0,2014,0
メニエ−ル病,100247,1749353,95264009,0,2014,0
その他の内耳疾患,63897,1017318,83817433,0,2014,0
その他の耳疾患,277757,2997441,282484029,0,2014,0
高血圧性疾患,8121157,235417950,9529002147,0,2014,0
虚血性心疾患,819767,27636238,1535534823,0,2014,0
その他の心疾患,1086428,30003124,2071031328,0,2014,0
くも膜下出血,28134,567970,48003466,0,2014,0
脳内出血,97608,2284152,198207726,0,2014,0
脳梗塞,798341,20572903,1308447677,0,2014,0
脳動脈硬化（症）,27069,629191,36815299,0,2014,0
その他の脳血管疾患,221658,4584343,395523005,0,2014,0
動脈硬化（症）,140854,3402978,242557265,0,2014,0
痔核,209252,2932539,217069596,0,2014,0
低血圧（症）,23108,396624,33507739,0,2014,0
その他の循環器系の疾患,232093,4951878,458204784,0,2014,0
急性鼻咽頭炎［かぜ］<感冒>,495466,5016649,393985012,0,2014,0
急性咽頭炎及び急性扁桃炎,1060599,10084091,804039232,0,2014,0
その他の急性上気道感染症,2639630,24199556,1898538690,0,2014,0
肺炎,149631,2953431,319987285,0,2014,0
急性気管支炎及び急性細気管支炎,1727283,15918796,1344115381,0,2014,0
アレルギ−性鼻炎,2090253,26829450,1420587195,0,2014,0
慢性副鼻腔炎,582969,7392920,470402419,0,2014,0
急性又は慢性と明示されない気管支炎,235384,3924072,220712045,0,2014,0
慢性閉塞性肺疾患,270639,6703245,533299252,0,2014,0
喘息,1844496,25334838,1803304421,0,2014,0
その他の呼吸器系の疾患,493867,7512602,911951739,0,2014,0
う蝕,235,4039,892172,0,2014,0
歯肉炎及び歯周疾患,3913,74561,4987441,0,2014,0
その他の歯及び歯の支持組織の障害,8574,88125,8813978,0,2014,0
胃潰瘍及び十二指腸潰瘍,691294,16820732,966901362,0,2014,0
胃炎及び十二指腸炎,1647379,36584597,2027693788,0,2014,0
アルコ−ル性肝疾患,27081,707729,40466367,0,2014,0
慢性肝炎（アルコール性のものを除く）,104006,3228312,149339525,0,2014,0
肝硬変（アルコール性のものを除く）,39345,1216482,83422185,0,2014,0
その他の肝疾患,426358,10582343,638279977,0,2014,0
胆石症及び胆のう炎,105146,2448774,196503455,0,2014,0
膵疾患,62477,1740723,121628849,0,2014,0
その他の消化器系の疾患,2034732,42286593,3072328399,0,2014,0
皮膚及び皮下組織の感染症,328570,3318621,315513117,0,2014,0
皮膚炎及び湿疹,3216075,30598909,2172296870,0,2014,0
その他の皮膚及び皮下組織の疾患,2141334,21637993,1709725317,0,2014,0
炎症性多発性関節障害,623421,13790819,1238121564,0,2014,0
関節症,1417397,23047660,1724066164,0,2014,0
脊椎障害（脊椎症を含む）,1540631,28005642,1961815545,0,2014,0
椎間板障害,548147,7420732,648626285,0,2014,0
頚腕症候群,193019,3461950,176143428,0,2014,0
腰痛症及び坐骨神経痛,690091,13725986,738753163,0,2014,0
その他の脊柱障害,207672,3041114,251390407,0,2014,0
肩の傷害〈損傷〉,460430,7796186,546121900,0,2014,0
骨の密度及び構造の障害,569212,11739667,722844532,0,2014,0
その他の筋骨格系及び結合組織の疾患,1057611,16560014,1336021811,0,2014,0
糸球体疾患及び腎尿細管間質性疾患,146133,3301065,288530996,0,2014,0
腎不全,245161,15463439,5981004664,0,2014,0
尿路結石症,121286,2024995,218723993,0,2014,0
その他の腎尿路系の疾患,651961,12967811,834920800,0,2014,0
前立腺肥大（症）,445186,10628145,493240800,0,2014,0
その他の男性生殖器の疾患,102798,1299151,91073069,0,2014,0
月経障害及び閉経周辺期障害,261143,4403415,207048188,0,2014,0
乳房及びその他の女性生殖器の疾患,689792,7107799,819211530,0,2014,0
流産,24520,234470,36806070,0,2014,0
心臓の先天奇形,24755,339273,45862650,0,2014,0
その他の先天奇形，変形及び染色体異常,153917,1680617,225676036,0,2014,0
症状，徴候等で他に分類されないもの,1627306,26569156,2328300349,0,2014,0
骨折,533315,8415693,956353597,0,2014,0
頭蓋内損傷及び内臓の損傷,28197,416613,60960075,0,2014,0
熱傷及び腐食,49528,461058,49749911,0,2014,0
中毒,104667,647029,65043598,0,2014,0
その他の損傷及びその他の外因の影響,1702914,17919659,2288841973,0,2014,0
腸管感染症,19935,909956,480675343,1,2014,0
結核,2921,553153,141602108,1,2014,0
主として性的伝播様式をとる感染症,582,38126,15193832,1,2014,0
皮膚及び粘膜の病変を伴うウイルス疾患,4989,322578,164350884,1,2014,0
ウイルス肝炎,4275,345733,167104680,1,2014,0
その他のウイルス疾患,2098,162789,89807243,1,2014,0
真菌症,5210,667141,308923873,1,2014,0
感染症及び寄生虫症の続発・後遺症,447,61777,23504743,1,2014,0
その他の感染症及び寄生虫症,15279,1180283,983480011,1,2014,0
胃の悪性新生物,25977,1550131,1561375112,1,2014,0
結腸の悪性新生物,24128,1485259,1450017816,1,2014,0
直腸Ｓ状結腸移行部及び直腸の悪性新生物,13607,876460,996805590,1,2014,0
肝及び肝内胆管の悪性新生物,14443,945937,837047672,1,2014,0
気管，気管支及び肺の悪性新生物,30504,2022530,1849080935,1,2014,0
乳房の悪性新生物,12848,562729,704871789,1,2014,0
子宮の悪性新生物,6845,323307,401752147,1,2014,0
悪性リンパ腫,10220,813566,927296153,1,2014,0
白血病,5128,505165,719535489,1,2014,0
その他の悪性新生物,102555,5787396,6277336203,1,2014,0
良性新生物及びその他の新生物,37893,1587839,2002777506,1,2014,0
貧血,14572,1026779,459734472,1,2014,0
その他の血液及び造血器の疾患並びに免疫機構の障害,8374,628798,642703453,1,2014,0
甲状腺障害,2889,256321,109456480,1,2014,0
糖尿病,37216,3402973,1458548961,1,2014,0
その他の内分泌，栄養及び代謝疾患,29930,2537837,1120787210,1,2014,0
血管性及び詳細不明の認知症,22991,1753175,892540423,1,2014,0
精神作用物質使用による精神及び行動の障害,9431,966454,317480712,1,2014,0
統合失調症，統合失調症型障害及び妄想性障害,133943,14931349,5013988474,1,2014,0
気分［感情］障害（躁うつ病を含む）,28691,3188552,1095733841,1,2014,0
神経症性障害，ストレス関連障害及び身体表現性障害,7303,756394,261018645,1,2014,0
知的障害〈精神遅滞〉,4161,493560,181990714,1,2014,0
その他の精神及び行動の障害,14450,1556137,617300273,1,2014,0
パ−キンソン病,15747,1879722,878179312,1,2014,0
アルツハイマ−病,33187,2723949,1274143089,1,2014,0
てんかん,12474,1214305,538925069,1,2014,0
脳性麻痺及びその他の麻痺性症候群,9295,1486155,555734624,1,2014,0
自律神経系の障害,2067,297914,124147958,1,2014,0
その他の神経系の疾患,50508,4554620,2425376299,1,2014,0
結膜炎,3264,316018,128471870,1,2014,0
白内障,26774,526921,862454661,1,2014,0
屈折及び調節の障害,3755,159837,126879739,1,2014,0
その他の眼及び付属器の疾患,24582,860222,1050669278,1,2014,0
外耳炎,230,28199,11071178,1,2014,0
その他の外耳疾患,252,31784,13245284,1,2014,0
中耳炎,1968,72824,78065029,1,2014,0
その他の中耳及び乳様突起の疾患,947,24892,60126894,1,2014,0
メニエ−ル病,1043,49628,19988198,1,2014,0
その他の内耳疾患,5067,161653,90424948,1,2014,0
その他の耳疾患,2918,140570,110046344,1,2014,0
高血圧性疾患,19921,1935456,672059171,1,2014,0
虚血性心疾患,49227,3120431,3455265788,1,2014,0
その他の心疾患,79366,6880260,5555616254,1,2014,0
くも膜下出血,9795,1006723,911986290,1,2014,0
脳内出血,36233,4356400,2466883576,1,2014,0
脳梗塞,92404,10167386,5665415005,1,2014,0
脳動脈硬化（症）,161,15971,5926708,1,2014,0
その他の脳血管疾患,15346,1331303,994786154,1,2014,0
動脈硬化（症）,6683,501141,522455415,1,2014,0
痔核,6457,288423,109620333,1,2014,0
低血圧（症）,724,49859,24615584,1,2014,0
その他の循環器系の疾患,22531,1507683,1981604053,1,2014,0
急性鼻咽頭炎［かぜ］<感冒>,900,73268,23743159,1,2014,0
急性咽頭炎及び急性扁桃炎,4863,193025,113471255,1,2014,0
その他の急性上気道感染症,4410,196331,100563656,1,2014,0
肺炎,72593,6425708,3029943407,1,2014,0
急性気管支炎及び急性細気管支炎,8888,415669,244658290,1,2014,0
アレルギ−性鼻炎,1192,103920,42156291,1,2014,0
慢性副鼻腔炎,2607,110099,159067450,1,2014,0
急性又は慢性と明示されない気管支炎,1298,125443,45655231,1,2014,0
慢性閉塞性肺疾患,9501,879046,451575444,1,2014,0
喘息,11616,647244,331513885,1,2014,0
その他の呼吸器系の疾患,69253,5217456,3585720225,1,2014,0
う蝕,6,396,182839,1,2014,0
歯肉炎及び歯周疾患,145,19318,7778028,1,2014,0
その他の歯及び歯の支持組織の障害,108,7512,4042944,1,2014,0
胃潰瘍及び十二指腸潰瘍,12516,960056,519871480,1,2014,0
胃炎及び十二指腸炎,6396,480162,179948302,1,2014,0
アルコ−ル性肝疾患,2211,157948,88893222,1,2014,0
慢性肝炎（アルコール性のものを除く）,720,78466,23198096,1,2014,0
肝硬変（アルコール性のものを除く）,3388,310256,158111369,1,2014,0
その他の肝疾患,8596,706920,357180491,1,2014,0
胆石症及び胆のう炎,22996,1202003,1240520447,1,2014,0
膵疾患,5647,329120,272183451,1,2014,0
その他の消化器系の疾患,126741,6109458,4508390413,1,2014,0
皮膚及び皮下組織の感染症,8663,559719,310056164,1,2014,0
皮膚炎及び湿疹,9045,980831,366897000,1,2014,0
その他の皮膚及び皮下組織の疾患,16460,1692300,810268994,1,2014,0
炎症性多発性関節障害,8615,924079,385809783,1,2014,0
関節症,21924,2094776,1895504230,1,2014,0
脊椎障害（脊椎症を含む）,26529,2462851,1606164645,1,2014,0
椎間板障害,7349,507750,359161510,1,2014,0
頚腕症候群,192,19623,6058087,1,2014,0
腰痛症及び坐骨神経痛,6193,505769,168046025,1,2014,0
その他の脊柱障害,3044,246991,269745840,1,2014,0
肩の傷害〈損傷〉,1013,107926,44366235,1,2014,0
骨の密度及び構造の障害,4459,487432,227698521,1,2014,0
その他の筋骨格系及び結合組織の疾患,31371,2901775,1770485931,1,2014,0
糸球体疾患及び腎尿細管間質性疾患,17492,1081809,670816100,1,2014,0
腎不全,30771,3432378,1904709072,1,2014,0
尿路結石症,7880,246474,257623003,1,2014,0
その他の腎尿路系の疾患,18458,1743472,759620937,1,2014,0
前立腺肥大（症）,5031,246171,173453865,1,2014,0
その他の男性生殖器の疾患,2549,90653,65573540,1,2014,0
月経障害及び閉経周辺期障害,314,13386,7337932,1,2014,0
乳房及びその他の女性生殖器の疾患,11571,291088,358188579,1,2014,0
流産,5864,81178,78028221,1,2014,0
心臓の先天奇形,1743,100382,206173670,1,2014,0
その他の先天奇形，変形及び染色体異常,7731,476103,497161179,1,2014,0
症状，徴候等で他に分類されないもの,42037,3985490,1588051262,1,2014,0
骨折,110299,11177924,6486186014,1,2014,0
頭蓋内損傷及び内臓の損傷,14429,1166675,832353483,1,2014,0
熱傷及び腐食,1183,86723,75080002,1,2014,0
中毒,2339,71597,60576908,1,2014,0
その他の損傷及びその他の外因の影響,59313,4637234,2902144979,1,2014,0
腸管感染症,542,4633,14383950,1,2014,1
結核,103,2171,3675780,1,2014,1
主として性的伝播様式をとる感染症,60,1589,2153475,1,2014,1
皮膚及び粘膜の病変を伴うウイルス疾患,108,1207,3403359,1,2014,1
ウイルス肝炎,672,10089,27577970,1,2014,1
その他のウイルス疾患,42,819,2992375,1,2014,1
真菌症,75,1375,4870392,1,2014,1
感染症及び寄生虫症の続発・後遺症,50,1161,2172527,1,2014,1
その他の感染症及び寄生虫症,464,7701,35599405,1,2014,1
胃の悪性新生物,1107,16288,64836259,1,2014,1
結腸の悪性新生物,1152,15944,70922473,1,2014,1
直腸Ｓ状結腸移行部及び直腸の悪性新生物,871,11773,54921641,1,2014,1
肝及び肝内胆管の悪性新生物,911,11441,53628763,1,2014,1
気管，気管支及び肺の悪性新生物,1756,26247,101899492,1,2014,1
乳房の悪性新生物,454,5875,24269639,1,2014,1
子宮の悪性新生物,257,3678,15661430,1,2014,1
悪性リンパ腫,343,6205,30069667,1,2014,1
白血病,147,2892,19844767,1,2014,1
その他の悪性新生物,3511,54960,219430758,1,2014,1
良性新生物及びその他の新生物,882,10667,49028753,1,2014,1
貧血,390,5755,18122029,1,2014,1
その他の血液及び造血器の疾患並びに免疫機構の障害,201,3233,16007457,1,2014,1
甲状腺障害,131,2199,4991718,1,2014,1
糖尿病,4415,78784,178120358,1,2014,1
その他の内分泌，栄養及び代謝疾患,1536,22647,58039641,1,2014,1
血管性及び詳細不明の認知症,3139,90181,119489661,1,2014,1
精神作用物質使用による精神及び行動の障害,5021,134050,179301807,1,2014,1
統合失調症，統合失調症型障害及び妄想性障害,33991,994298,1257988059,1,2014,1
気分［感情］障害（躁うつ病を含む）,4234,107298,154775780,1,2014,1
神経症性障害，ストレス関連障害及び身体表現性障害,1143,26951,40296058,1,2014,1
知的障害〈精神遅滞〉,441,12147,16098105,1,2014,1
その他の精神及び行動の障害,2561,70396,96540517,1,2014,1
パ−キンソン病,717,18189,37452811,1,2014,1
アルツハイマ−病,2756,77716,104658202,1,2014,1
てんかん,948,18118,35329383,1,2014,1
脳性麻痺及びその他の麻痺性症候群,128,2640,6340739,1,2014,1
自律神経系の障害,89,2049,4815545,1,2014,1
その他の神経系の疾患,2166,44181,108787074,1,2014,1
結膜炎,13,52,408638,1,2014,1
白内障,751,3547,24935763,1,2014,1
屈折及び調節の障害,150,795,4722117,1,2014,1
その他の眼及び付属器の疾患,625,4433,28665754,1,2014,1
外耳炎,7,82,312877,1,2014,1
その他の外耳疾患,1,13,51345,1,2014,1
中耳炎,21,125,882757,1,2014,1
その他の中耳及び乳様突起の疾患,24,236,1616420,1,2014,1
メニエ−ル病,38,384,854614,1,2014,1
その他の内耳疾患,178,1106,3559828,1,2014,1
その他の耳疾患,39,353,1364380,1,2014,1
高血圧性疾患,2375,44395,90074282,1,2014,1
虚血性心疾患,2361,21993,156953860,1,2014,1
その他の心疾患,3984,66160,244665064,1,2014,1
くも膜下出血,592,15599,38050057,1,2014,1
脳内出血,3041,75321,190619673,1,2014,1
脳梗塞,6831,159090,392361567,1,2014,1
脳動脈硬化（症）,5,83,128783,1,2014,1
その他の脳血管疾患,667,11593,41608083,1,2014,1
動脈硬化（症）,520,7200,41695596,1,2014,1
痔核,123,791,2681845,1,2014,1
低血圧（症）,38,273,838647,1,2014,1
その他の循環器系の疾患,876,12276,64068722,1,2014,1
急性鼻咽頭炎［かぜ］<感冒>,3,20,74520,1,2014,1
急性咽頭炎及び急性扁桃炎,47,279,1164783,1,2014,1
その他の急性上気道感染症,56,387,1386103,1,2014,1
肺炎,2481,35963,111508634,1,2014,1
急性気管支炎及び急性細気管支炎,177,1658,5296742,1,2014,1
アレルギ−性鼻炎,21,311,817680,1,2014,1
慢性副鼻腔炎,57,477,3536186,1,2014,1
急性又は慢性と明示されない気管支炎,45,662,1539633,1,2014,1
慢性閉塞性肺疾患,1021,21145,48022496,1,2014,1
喘息,781,9905,25548430,1,2014,1
その他の呼吸器系の疾患,2411,41470,133224117,1,2014,1
う蝕,0,0,0,1,2014,1
歯肉炎及び歯周疾患,0,0,0,1,2014,1
その他の歯及び歯の支持組織の障害,1,31,55482,1,2014,1
胃潰瘍及び十二指腸潰瘍,709,9891,30698725,1,2014,1
胃炎及び十二指腸炎,249,3654,7550058,1,2014,1
アルコ−ル性肝疾患,517,8006,20772292,1,2014,1
慢性肝炎（アルコール性のものを除く）,164,3395,5799814,1,2014,1
肝硬変（アルコール性のものを除く）,475,8373,20558370,1,2014,1
その他の肝疾患,379,6028,17237943,1,2014,1
胆石症及び胆のう炎,884,10733,49678991,1,2014,1
膵疾患,387,4757,18202405,1,2014,1
その他の消化器系の疾患,3478,37771,140621242,1,2014,1
皮膚及び皮下組織の感染症,352,4666,13705650,1,2014,1
皮膚炎及び湿疹,85,1080,2754544,1,2014,1
その他の皮膚及び皮下組織の疾患,622,11976,30789815,1,2014,1
炎症性多発性関節障害,516,8197,23906122,1,2014,1
関節症,831,14548,59716607,1,2014,1
脊椎障害（脊椎症を含む）,1458,25410,82774987,1,2014,1
椎間板障害,239,3428,12202545,1,2014,1
頚腕症候群,13,231,514079,1,2014,1
腰痛症及び坐骨神経痛,267,3983,8502032,1,2014,1
その他の脊柱障害,120,1791,9703692,1,2014,1
肩の傷害〈損傷〉,37,646,1446645,1,2014,1
骨の密度及び構造の障害,209,3946,10672034,1,2014,1
その他の筋骨格系及び結合組織の疾患,1234,24317,67876621,1,2014,1
糸球体疾患及び腎尿細管間質性疾患,617,7979,25947302,1,2014,1
腎不全,1708,28749,94171386,1,2014,1
尿路結石症,193,1521,7690215,1,2014,1
その他の腎尿路系の疾患,534,8247,22259727,1,2014,1
前立腺肥大（症）,185,1795,6352537,1,2014,1
その他の男性生殖器の疾患,63,528,1603802,1,2014,1
月経障害及び閉経周辺期障害,9,110,616888,1,2014,1
乳房及びその他の女性生殖器の疾患,124,845,4479542,1,2014,1
流産,48,106,658572,1,2014,1
心臓の先天奇形,28,373,2475178,1,2014,1
その他の先天奇形，変形及び染色体異常,142,1879,7229532,1,2014,1
症状，徴候等で他に分類されないもの,1679,28565,66297647,1,2014,1
骨折,4561,83504,272680717,1,2014,1
頭蓋内損傷及び内臓の損傷,798,15172,48006447,1,2014,1
熱傷及び腐食,99,1673,7086209,1,2014,1
中毒,488,4156,13750161,1,2014,1
その他の損傷及びその他の外因の影響,2202,38965,108567453,1,2014,1
腸管感染症,8739,12494,9137190,0,2014,1
結核,1035,1782,2410407,0,2014,1
主として性的伝播様式をとる感染症,712,1199,927779,0,2014,1
皮膚及び粘膜の病変を伴うウイルス疾患,5913,11213,5134367,0,2014,1
ウイルス肝炎,19873,61973,62894698,0,2014,1
その他のウイルス疾患,785,1335,3507968,0,2014,1
真菌症,9944,15038,7761759,0,2014,1
感染症及び寄生虫症の続発・後遺症,833,1620,2565867,0,2014,1
その他の感染症及び寄生虫症,2117,3241,2891221,0,2014,1
胃の悪性新生物,5825,11670,17890974,0,2014,1
結腸の悪性新生物,6068,11734,35319809,0,2014,1
直腸Ｓ状結腸移行部及び直腸の悪性新生物,3704,7385,25867494,0,2014,1
肝及び肝内胆管の悪性新生物,2243,4707,8418608,0,2014,1
気管，気管支及び肺の悪性新生物,4968,9727,30514998,0,2014,1
乳房の悪性新生物,6116,11777,39035695,0,2014,1
子宮の悪性新生物,2062,3620,5824842,0,2014,1
悪性リンパ腫,1601,3055,9051838,0,2014,1
白血病,818,1361,6222487,0,2014,1
その他の悪性新生物,14296,26873,69987516,0,2014,1
良性新生物及びその他の新生物,12848,21092,31012910,0,2014,1
貧血,4566,8297,11040572,0,2014,1
その他の血液及び造血器の疾患並びに免疫機構の障害,1906,3104,8487708,0,2014,1
甲状腺障害,11706,20096,20742332,0,2014,1
糖尿病,133156,251503,302190242,0,2014,1
その他の内分泌，栄養及び代謝疾患,52210,111793,88237842,0,2014,1
血管性及び詳細不明の認知症,6557,17137,19861953,0,2014,1
精神作用物質使用による精神及び行動の障害,6772,18503,15624329,0,2014,1
統合失調症，統合失調症型障害及び妄想性障害,12005,24600,22594456,0,2014,1
気分［感情］障害（躁うつ病を含む）,26579,46463,32807969,0,2014,1
神経症性障害，ストレス関連障害及び身体表現性障害,26703,44932,29426531,0,2014,1
知的障害〈精神遅滞〉,1267,2339,1835364,0,2014,1
その他の精神及び行動の障害,7617,12547,9590368,0,2014,1
パ−キンソン病,4006,8217,8836752,0,2014,1
アルツハイマ−病,12440,29728,33390652,0,2014,1
てんかん,6768,11589,11094294,0,2014,1
脳性麻痺及びその他の麻痺性症候群,2574,6700,6024899,0,2014,1
自律神経系の障害,1773,3772,2615626,0,2014,1
その他の神経系の疾患,36290,74002,57851240,0,2014,1
結膜炎,12978,17207,9612934,0,2014,1
白内障,27231,37447,32410353,0,2014,1
屈折及び調節の障害,43903,56834,46011863,0,2014,1
その他の眼及び付属器の疾患,45359,61758,52630209,0,2014,1
外耳炎,3567,7394,2824519,0,2014,1
その他の外耳疾患,2048,2743,1494448,0,2014,1
中耳炎,5694,14308,6529453,0,2014,1
その他の中耳及び乳様突起の疾患,1750,4680,1887337,0,2014,1
メニエ−ル病,2290,4898,2680437,0,2014,1
その他の内耳疾患,1309,2285,1730727,0,2014,1
その他の耳疾患,6487,12302,6545969,0,2014,1
高血圧性疾患,256545,526556,407666177,0,2014,1
虚血性心疾患,30297,56022,61974603,0,2014,1
その他の心疾患,30911,56746,68347941,0,2014,1
くも膜下出血,1930,3849,3710341,0,2014,1
脳内出血,9549,21394,21229132,0,2014,1
脳梗塞,41929,89930,87296376,0,2014,1
脳動脈硬化（症）,219,532,397514,0,2014,1
その他の脳血管疾患,5781,10188,11052855,0,2014,1
動脈硬化（症）,3674,7204,6638203,0,2014,1
痔核,4059,6752,4319502,0,2014,1
低血圧（症）,754,1421,901454,0,2014,1
その他の循環器系の疾患,5820,10769,12544181,0,2014,1
急性鼻咽頭炎［かぜ］<感冒>,2865,4536,2163515,0,2014,1
急性咽頭炎及び急性扁桃炎,6736,9909,5158468,0,2014,1
その他の急性上気道感染症,19145,30584,15151230,0,2014,1
肺炎,1661,2841,3822171,0,2014,1
急性気管支炎及び急性細気管支炎,10188,15118,8018234,0,2014,1
アレルギ−性鼻炎,25870,47626,21163947,0,2014,1
慢性副鼻腔炎,8421,19792,8782804,0,2014,1
急性又は慢性と明示されない気管支炎,3210,4968,2863423,0,2014,1
慢性閉塞性肺疾患,13845,29068,43744455,0,2014,1
喘息,50512,96286,80741684,0,2014,1
その他の呼吸器系の疾患,7792,14899,22897919,0,2014,1
う蝕,2,2,1280,0,2014,1
歯肉炎及び歯周疾患,30,47,20441,0,2014,1
その他の歯及び歯の支持組織の障害,100,161,80258,0,2014,1
胃潰瘍及び十二指腸潰瘍,21692,43960,34461657,0,2014,1
胃炎及び十二指腸炎,35881,87570,55437001,0,2014,1
アルコ−ル性肝疾患,3198,7519,7194435,0,2014,1
慢性肝炎（アルコール性のものを除く）,5357,17816,11041030,0,2014,1
肝硬変（アルコール性のものを除く）,2943,8230,7579056,0,2014,1
その他の肝疾患,5585,11724,10439253,0,2014,1
胆石症及び胆のう炎,2511,4365,4730597,0,2014,1
膵疾患,2135,4656,4549342,0,2014,1
その他の消化器系の疾患,31490,58614,54015066,0,2014,1
皮膚及び皮下組織の感染症,3741,7473,3600918,0,2014,1
皮膚炎及び湿疹,40295,61809,27788893,0,2014,1
その他の皮膚及び皮下組織の疾患,31717,51828,31112859,0,2014,1
炎症性多発性関節障害,17840,40522,59832876,0,2014,1
関節症,46154,163642,72357993,0,2014,1
脊椎障害（脊椎症を含む）,67226,268005,105937929,0,2014,1
椎間板障害,21794,84571,31531197,0,2014,1
頚腕症候群,4875,17487,6610573,0,2014,1
腰痛症及び坐骨神経痛,17263,56130,23543498,0,2014,1
その他の脊柱障害,6608,23235,9772295,0,2014,1
肩の傷害〈損傷〉,11161,46662,17052477,0,2014,1
骨の密度及び構造の障害,13857,44195,23415454,0,2014,1
その他の筋骨格系及び結合組織の疾患,18684,44982,31517037,0,2014,1
糸球体疾患及び腎尿細管間質性疾患,2541,4156,5642724,0,2014,1
腎不全,5597,17056,44033331,0,2014,1
尿路結石症,1880,2795,3453383,0,2014,1
その他の腎尿路系の疾患,12695,19536,16453326,0,2014,1
前立腺肥大（症）,12408,19027,17891026,0,2014,1
その他の男性生殖器の疾患,1302,1983,1604710,0,2014,1
月経障害及び閉経周辺期障害,4344,7619,4067596,0,2014,1
乳房及びその他の女性生殖器の疾患,6863,10355,9363534,0,2014,1
流産,160,263,208633,0,2014,1
心臓の先天奇形,540,734,1284643,0,2014,1
その他の先天奇形，変形及び染色体異常,2637,4392,4252067,0,2014,1
症状，徴候等で他に分類されないもの,27795,48687,45040452,0,2014,1
骨折,14375,37083,25611102,0,2014,1
頭蓋内損傷及び内臓の損傷,1067,1955,2332996,0,2014,1
熱傷及び腐食,958,2841,1108959,0,2014,1
中毒,1075,1472,1064166,0,2014,1
その他の損傷及びその他の外因の影響,26747,62820,40573954,0,2014,1
